method,trial,state,objective_cv,duration_s,pruned,param_mode,param_w_base,param_w_risk,param_w_p_stop,param_w_uncertainty,param_w_rag_gap,param_w_fuzzy_stop,param_threshold_stop,param_threshold_pausa,param_risk_stop_floor,param_p_stop_floor,param_stop_cost_threshold,param_pause_uncertainty
bayes,0,TrialState.COMPLETE,0.54377728513606,0.040168,False,balanced,0.3695981825434216,0.2756512058912295,0.1112037280884873,0.07651906845715445,0.026970033460183937,0.19858818332398964,0.6599999999999999,0.46,0.16,0.64,0.5,0.39999999999999997
bayes,1,TrialState.COMPLETE,0.5530384770168031,0.040671,False,balanced,0.2412726728878613,0.2564366722243818,0.16638900372842316,0.09950895383366712,0.09342234736668555,0.08231901770432669,0.5599999999999999,0.32,0.32,0.6,0.33999999999999997,0.48
bayes,2,TrialState.COMPLETE,0.7565090701335502,0.039862,False,stop_heavy,0.3322634555704315,0.16433627215869578,0.09301031859705591,0.21131054133306665,0.13587584396894714,0.18934357569863378,0.5599999999999999,0.22,0.4,0.48,0.32,0.45999999999999996
bayes,3,TrialState.COMPLETE,0.5156615888346459,0.040814,False,balanced,0.2276339944800051,0.2922557939320353,0.1423422152178822,0.13841156360022783,0.08560523352119356,0.08957671288408432,0.76,0.48000000000000004,0.48,0.64,0.44,0.58
bayes,4,TrialState.COMPLETE,0.5446299863990859,0.043083,False,balanced,0.16356818667316142,0.20458588599844874,0.1577354579378964,0.0961293354015623,0.11944850109823153,0.11708053227097429,0.5599999999999999,0.38,0.2,0.6,0.3,0.58
bayes,5,TrialState.COMPLETE,0.7070322581497419,0.039215,False,stop_heavy,0.15165663513708072,0.3320199713982569,0.2213714687695234,0.17393121856696783,0.1125524416023135,0.07184714427745445,0.58,0.24000000000000002,0.44000000000000006,0.52,0.38,0.36
bayes,6,TrialState.COMPLETE,0.5543362070728681,0.050032,False,balanced,0.3688818535014192,0.2857649425523554,0.2574425485152653,0.13027653727753136,0.034351309512596205,0.1741191659556792,0.7,0.4,0.4,0.48,0.42,0.45999999999999996
bayes,7,TrialState.COMPLETE,0.5044528235558322,0.039736,False,balanced,0.15942875570602028,0.2854667069285829,0.14287119621526534,0.13645701749799946,0.12890797687113117,0.09988675666381999,0.6,0.48000000000000004,0.24,0.36,0.36,0.38
bayes,8,TrialState.COMPLETE,0.6013254318178298,0.041007,False,stop_heavy,0.34002112695312703,0.34657975344880665,0.24073441537982293,0.08171691001062609,0.12710707981879735,0.1462947587065041,0.72,0.54,0.24,0.36,0.33999999999999997,0.45999999999999996
bayes,9,TrialState.COMPLETE,0.5545640072218806,0.049923,False,balanced,0.15208563915935722,0.2527942986701671,0.16348220062975583,0.08775832778002414,0.03438384408004194,0.11401842742458047,0.76,0.32,0.32,0.56,0.38,0.58
bayes,10,TrialState.COMPLETE,0.7375680600348342,0.058174,False,stop_heavy,0.4150619773884144,0.12196230302223618,0.08359237512296394,0.21603694873681872,0.061264105293561785,0.21356331935126718,0.48,0.2,0.36,0.44,0.54,0.52
bayes,11,TrialState.COMPLETE,0.7427344692645178,0.058428,False,stop_heavy,0.44501314758673116,0.12279764917916312,0.08140976250402505,0.2198204059594345,0.06008900754748521,0.21512757744909833,0.5,0.2,0.36,0.44,0.54,0.52
bayes,12,TrialState.COMPLETE,0.7396959162851827,0.058216,False,stop_heavy,0.4488049595242307,0.13104987231758405,0.08038552574282289,0.2198916145690637,0.058915739156570585,0.1818566981536125,0.48,0.2,0.4,0.44,0.48,0.52
bayes,13,TrialState.COMPLETE,0.7266093466160056,0.055137,False,stop_heavy,0.3036091433029727,0.17360831066956744,0.11131033378215432,0.189522024616699,0.07933337436633979,0.21762685523423397,0.52,0.26,0.32,0.44,0.54,0.52
bayes,14,TrialState.COMPLETE,0.7131001582734744,0.054801,False,stop_heavy,0.2853947071537378,0.17643019010615288,0.10876001773701592,0.18594690072655443,0.10079261489175924,0.1606925865647705,0.62,0.28,0.48,0.48,0.3,0.42
bayes,15,TrialState.COMPLETE,0.7526094503983793,0.054925,False,stop_heavy,0.40938401570667105,0.15681853706562254,0.10447132581230972,0.20091030469002444,0.1399033925506698,0.1929270712681991,0.52,0.22,0.4,0.39999999999999997,0.44,0.48
bayes,16,TrialState.COMPLETE,0.7044432914533578,0.055975,False,stop_heavy,0.3947189511928629,0.2066553931218404,0.1999072570230705,0.1637210217676576,0.13563664645329496,0.14049175553093057,0.54,0.30000000000000004,0.4,0.39999999999999997,0.42,0.44
bayes,17,TrialState.COMPLETE,0.7601194733858506,0.055769,False,stop_heavy,0.3214437290994649,0.1707490376032111,0.12480077125147032,0.19947143212901453,0.13800305034687244,0.18761205574338027,0.64,0.24000000000000002,0.44000000000000006,0.52,0.48,0.48
bayes,18,TrialState.PRUNED,0.7894955888442333,0.039303,True,stop_heavy,0.31548397152762575,0.2133538139236232,0.1287466785983511,0.1619942616483011,0.1106155768003178,0.16898572118103725,0.64,0.34,0.44000000000000006,0.52,0.48,0.48
bayes,19,TrialState.COMPLETE,0.724799165336442,0.055405,False,stop_heavy,0.25008893085243394,0.1530005027695463,0.19412671284734073,0.19960445990285702,0.12132988803776372,0.15188508746469126,0.6599999999999999,0.26,0.44000000000000006,0.52,0.5,0.42
bayes,20,TrialState.PRUNED,0.7792537366404519,0.040422,True,stop_heavy,0.27367582860386763,0.2202165052220853,0.12867387843603165,0.05751499191370528,0.1399394149161644,0.1935747658099603,0.7,0.24000000000000002,0.48,0.56,0.4,0.54
bayes,21,TrialState.COMPLETE,0.7497871927741269,0.056405,False,stop_heavy,0.34666547277809506,0.1646461476185336,0.10082412838050263,0.19737862195761524,0.13810709880967628,0.18956879015472602,0.52,0.24000000000000002,0.36,0.39999999999999997,0.45999999999999996,0.48
bayes,22,TrialState.COMPLETE,0.7709373910171542,0.05469,False,stop_heavy,0.40832345157154665,0.1494420864049066,0.12938947976434023,0.20375287459409816,0.12885737704247158,0.19963050162219073,0.6,0.22,0.4,0.48,0.44,0.45999999999999996
bayes,23,TrialState.COMPLETE,0.7208541538171708,0.05367,False,stop_heavy,0.32337287575981327,0.18736629400580523,0.12127525576475393,0.20667028191860054,0.1043884404385029,0.20704078704767467,0.6,0.28,0.44000000000000006,0.48,0.5,0.44
bayes,24,TrialState.COMPLETE,0.7640792708453484,0.053961,False,stop_heavy,0.36542574078816115,0.14694599812939638,0.1447295326986202,0.17822141957452675,0.12567619035599406,0.17884342842168754,0.62,0.22,0.36,0.48,0.32,0.5
bayes,25,TrialState.PRUNED,0.6013986147186148,0.030709,True,stop_heavy,0.36546950795259375,0.13877449561184962,0.17644902354034842,0.17716813423267497,0.11863602821716734,0.17389846971608067,0.64,0.36,0.36,0.56,0.45999999999999996,0.5
bayes,26,TrialState.COMPLETE,0.724886879587473,0.064991,False,stop_heavy,0.3956069501101959,0.18938012936138315,0.1449213733191296,0.15309206597829325,0.12654624998962707,0.13343923139391373,0.62,0.28,0.32,0.52,0.52,0.54
bayes,27,TrialState.COMPLETE,0.7600856255192818,0.055092,False,stop_heavy,0.42154220908727374,0.14532549654177074,0.1872283112172471,0.1850497887674144,0.1110719910220069,0.1602169960073644,0.6799999999999999,0.24000000000000002,0.28,0.48,0.4,0.5
bayes,28,TrialState.PRUNED,0.7949985575251682,0.040147,True,stop_heavy,0.38546472885451305,0.23328649531274623,0.15023250564108248,0.170288731095884,0.12652100126166452,0.20381481311264282,0.6,0.30000000000000004,0.28,0.52,0.44,0.44
bayes,29,TrialState.COMPLETE,0.7721210121505933,0.056435,False,stop_heavy,0.3549718576546642,0.19341526875431295,0.12731774820012492,0.1482163922728392,0.10079743846603474,0.1825012770132398,0.6599999999999999,0.2,0.44000000000000006,0.56,0.48,0.39999999999999997
bayes,30,TrialState.COMPLETE,0.7586566238306011,0.059184,False,stop_heavy,0.35513533856148655,0.18983900581994673,0.13680649960414812,0.11399970430190726,0.07643390321416363,0.20101268530765223,0.6599999999999999,0.2,0.36,0.6,0.52,0.39999999999999997
bayes,31,TrialState.COMPLETE,0.7750640058740736,0.057298,False,stop_heavy,0.3784921836082014,0.1467796987923702,0.12320371931173948,0.14932247757377012,0.10162186854765351,0.18210201828916167,0.64,0.22,0.44000000000000006,0.56,0.48,0.36
bayes,32,TrialState.COMPLETE,0.7569834041359199,0.055929,False,stop_heavy,0.38707044441314764,0.14324965265518114,0.17396143112044019,0.15031457795267422,0.0940831863160815,0.18071306564836534,0.62,0.22,0.48,0.64,0.45999999999999996,0.36
bayes,33,TrialState.COMPLETE,0.7726421542839448,0.053834,False,stop_heavy,0.42935973429594354,0.1538492993708025,0.1172496114637714,0.1226057585408759,0.09602595830834815,0.16668743029235014,0.58,0.22,0.4,0.6,0.52,0.38
bayes,34,TrialState.PRUNED,0.6401035379369138,0.032384,True,balanced,0.430884730461895,0.18713027766574786,0.11917078676071342,0.11771465613776946,0.09887987189961255,0.1637124133615089,0.58,0.26,0.4,0.6,0.5,0.38
bayes,35,TrialState.COMPLETE,0.7681187682635181,0.055365,False,stop_heavy,0.4322912971283461,0.2320546567744543,0.09613240509966828,0.11592084138923008,0.08674308018784918,0.15395899914504058,0.58,0.2,0.44000000000000006,0.56,0.52,0.38
bayes,36,TrialState.COMPLETE,0.7750632009055639,0.057576,False,stop_heavy,0.4076139183273493,0.15632897028613782,0.15673435630309723,0.12862292332699773,0.07200865284286675,0.13082885914165152,0.6799999999999999,0.22,0.48,0.6,0.48,0.39999999999999997
bayes,37,TrialState.PRUNED,0.5985802752802754,0.030835,True,balanced,0.20144924682118834,0.1984522661254718,0.15460287244794707,0.12716541820253094,0.06633098085757673,0.1282688116956344,0.6799999999999999,0.26,0.48,0.64,0.48,0.39999999999999997
bayes,38,TrialState.PRUNED,0.8393666023232148,0.04013,True,stop_heavy,0.3856212915067033,0.16514392609805761,0.27791367674706413,0.14650359306479396,0.0895299738693495,0.0643280672874304,0.72,0.30000000000000004,0.48,0.6,0.52,0.36
bayes,39,TrialState.PRUNED,0.5055527576428739,0.034651,True,balanced,0.35169464611062495,0.3088784002924847,0.11352094707141719,0.1041748862676471,0.07676655247474641,0.10523674205177343,0.6799999999999999,0.4,0.44000000000000006,0.6,0.45999999999999996,0.38
bayes,40,TrialState.COMPLETE,0.7498615764887072,0.055958,False,stop_heavy,0.3751043394733441,0.3732827793062503,0.16246884252937707,0.14115138254388138,0.0702340616749485,0.08307511977886033,0.74,0.22,0.48,0.64,0.5,0.39999999999999997
bayes,41,TrialState.COMPLETE,0.7621398609118402,0.057489,False,stop_heavy,0.4073410965679047,0.132654796925836,0.13447769933187975,0.126771236982243,0.047102908932512885,0.1973917919791884,0.5599999999999999,0.22,0.4,0.56,0.42,0.42
bayes,42,TrialState.COMPLETE,0.7618216943521597,0.058573,False,stop_heavy,0.42784399806140677,0.15787216298120085,0.13698663334693412,0.10581419849638277,0.10552569690403948,0.16871362788504418,0.6599999999999999,0.24000000000000002,0.4,0.56,0.44,0.36
bayes,43,TrialState.COMPLETE,0.7739338268635729,0.055786,False,stop_heavy,0.4078646022172539,0.17946240161863725,0.09234357185540717,0.1341647328675628,0.09557276066528203,0.20733951834489056,0.7,0.2,0.44000000000000006,0.6,0.48,0.39999999999999997
bayes,44,TrialState.COMPLETE,0.7759873245274486,0.056743,False,stop_heavy,0.39923252416729604,0.17786942342178375,0.10164133558315833,0.1342260226225375,0.09305970021277428,0.1237664514983969,0.7,0.2,0.44000000000000006,0.6,0.48,0.38
bayes,45,TrialState.PRUNED,0.5610387205387206,0.031581,True,balanced,0.44097409518640374,0.17666908934186015,0.09327438396075927,0.13682321696051994,0.09004334711711033,0.12432837526756094,0.72,0.54,0.44000000000000006,0.6,0.5,0.38
bayes,46,TrialState.COMPLETE,0.7681876637619208,0.060223,False,stop_heavy,0.4077592651322446,0.1310817075270185,0.09046115615993988,0.12226486189648292,0.08278065146473028,0.11373033159784401,0.7,0.2,0.16,0.6,0.45999999999999996,0.36
bayes,47,TrialState.PRUNED,0.6598841750841752,0.031867,True,stop_heavy,0.37564017732060745,0.12057454147307513,0.10690980387158493,0.13322535240654446,0.09282855640521472,0.14266228699746555,0.74,0.46,0.48,0.64,0.48,0.38
bayes,48,TrialState.COMPLETE,0.7485694862394202,0.056807,False,stop_heavy,0.39603375632418236,0.17791103130489413,0.11579048837911224,0.09322429842613028,0.09745069235727938,0.09450646497809753,0.7,0.26,0.44000000000000006,0.6,0.54,0.42
bayes,49,TrialState.COMPLETE,0.7602262872564994,0.057648,False,stop_heavy,0.42172780400323184,0.15936546600183163,0.2153517339802079,0.15836850192413257,0.054476010879240255,0.11992185048303845,0.74,0.22,0.4,0.6,0.52,0.38
bayes,50,TrialState.PRUNED,0.6158486841909523,0.031432,True,balanced,0.43699982035761925,0.24960080828967673,0.08796279125515896,0.13970993522693434,0.08238546969703474,0.1355795149031803,0.72,0.28,0.48,0.64,0.5,0.39999999999999997
bayes,51,TrialState.COMPLETE,0.7750640058740736,0.057995,False,stop_heavy,0.3347866312951478,0.19958538462657288,0.10004017017387232,0.14486124491602495,0.020213244255809427,0.21184890852703786,0.6799999999999999,0.2,0.44000000000000006,0.56,0.48,0.39999999999999997
bayes,52,TrialState.COMPLETE,0.7739338268635729,0.056149,False,stop_heavy,0.39955004983938475,0.2071566282945763,0.1031773889077007,0.10885133981252243,0.03112556787070135,0.20661718556691275,0.6799999999999999,0.2,0.44000000000000006,0.56,0.48,0.39999999999999997
bayes,53,TrialState.COMPLETE,0.7734647944702422,0.061149,False,stop_heavy,0.40000313479141625,0.22296230972887984,0.10369323369288985,0.14279439083810583,0.021147045214978153,0.20871235201528565,0.6799999999999999,0.2,0.44000000000000006,0.56,0.48,0.39999999999999997
bayes,54,TrialState.PRUNED,0.8521410164437035,0.045454,True,stop_heavy,0.33505378067752295,0.20484677389336511,0.0966968973711164,0.10845814281218184,0.03326614115015407,0.21119097003471177,0.7,0.24000000000000002,0.44000000000000006,0.56,0.45999999999999996,0.42
bayes,55,TrialState.COMPLETE,0.7750632009055639,0.057416,False,stop_heavy,0.37711632533858713,0.1802995544714426,0.08905893882648923,0.15505111705006783,0.0454578959183801,0.21968214987955384,0.6799999999999999,0.2,0.48,0.56,0.48,0.36
bayes,56,TrialState.COMPLETE,0.7618216943521597,0.061001,False,stop_heavy,0.37598619458672544,0.16974635065423055,0.08229312067208287,0.16613731538485485,0.041471345325239245,0.213985585595739,0.64,0.24000000000000002,0.48,0.6,0.45999999999999996,0.36
bayes,57,TrialState.COMPLETE,0.7630649086556763,0.056646,False,stop_heavy,0.3028445540665584,0.17548050754279762,0.08698917413102132,0.1568416407945409,0.041675334453123554,0.2173897838940231,0.6599999999999999,0.2,0.48,0.52,0.5,0.36
bayes,58,TrialState.COMPLETE,0.7734647944702422,0.056739,False,stop_heavy,0.3401017837587523,0.1797776840990848,0.09626934127004859,0.13400217318760294,0.02314957842122452,0.1064631476578915,0.7,0.22,0.48,0.52,0.48,0.36
bayes,59,TrialState.PRUNED,0.8413974089068826,0.042388,True,stop_heavy,0.3847121104063977,0.20064850867287604,0.11145603592073362,0.1566817806510124,0.049492894098999096,0.21760622285726858,0.72,0.26,0.44000000000000006,0.56,0.44,0.38
bayes,60,TrialState.COMPLETE,0.7444359838995187,0.057502,False,stop_heavy,0.3632562200945108,0.2695082460761843,0.08830047453495257,0.14450039426110897,0.06830432368096606,0.19194123719127945,0.6799999999999999,0.24000000000000002,0.44000000000000006,0.6,0.48,0.42
bayes,61,TrialState.COMPLETE,0.7759873245274486,0.056654,False,stop_heavy,0.41722010778513613,0.2125216175790433,0.10120487046006026,0.07414229928712443,0.027381281049610576,0.2040242173860638,0.6799999999999999,0.2,0.44000000000000006,0.56,0.48,0.39999999999999997
bayes,62,TrialState.COMPLETE,0.7681876637619208,0.05758,False,stop_heavy,0.4179218076527493,0.21301096469751157,0.10186369061481441,0.0665763710737215,0.02764591723123272,0.1998320016119148,0.6599999999999999,0.2,0.48,0.56,0.45999999999999996,0.39999999999999997
bayes,63,TrialState.COMPLETE,0.7734647944702422,0.058082,False,stop_heavy,0.4141716078133226,0.18434216535779943,0.1077950993956335,0.07850650574115528,0.03780065827600975,0.21137438954949336,0.7,0.22,0.44000000000000006,0.56,0.48,0.38
bayes,64,TrialState.COMPLETE,0.763691592525241,0.056439,False,stop_heavy,0.4453926294684143,0.2313343443048637,0.08089259126317061,0.08572630487399131,0.028780105332796294,0.187655539719074,0.64,0.2,0.48,0.52,0.5,0.42
bayes,65,TrialState.PRUNED,0.8521410164437035,0.042211,True,stop_heavy,0.38047389629742207,0.164012503653462,0.12159223739778693,0.055883671854616235,0.0372377755973386,0.21873856978002093,0.6799999999999999,0.24000000000000002,0.4,0.56,0.45999999999999996,0.44
bayes,66,TrialState.COMPLETE,0.7566993750234399,0.056224,False,stop_heavy,0.3603889323703517,0.19625197345138415,0.09805966644371311,0.16940617741635008,0.1057016538774142,0.20603728182290437,0.7,0.22,0.44000000000000006,0.6,0.5,0.39999999999999997
bayes,67,TrialState.PRUNED,0.5904256056750714,0.033189,True,stop_heavy,0.3944693042947162,0.22143927822294707,0.0918792705994359,0.06909558546004878,0.02336372732331956,0.2042314594406579,0.6599999999999999,0.56,0.44000000000000006,0.64,0.48,0.36
bayes,68,TrialState.PRUNED,0.8844282615629986,0.04313,True,stop_heavy,0.30701125874940405,0.246681614552669,0.11056587171726862,0.1521934148330493,0.05613756851191895,0.1974996938500221,0.64,0.2,0.4,0.52,0.45999999999999996,0.38
bayes,69,TrialState.PRUNED,0.7090548215729577,0.051189,True,stop_heavy,0.2775379336455125,0.16695067337685432,0.10004364192922938,0.12873383950908257,0.11459393177979825,0.15087759950915455,0.72,0.24000000000000002,0.48,0.56,0.5,0.39999999999999997
bayes,70,TrialState.PRUNED,0.6350428210678211,0.054729,True,balanced,0.3438668986920916,0.21369332989457265,0.17315833378107665,0.15949673597248237,0.0634045818859222,0.19486315128895107,0.76,0.22,0.48,0.6,0.44,0.38
bayes,71,TrialState.COMPLETE,0.7734647944702422,0.091171,False,stop_heavy,0.40136634035917834,0.24010403733342087,0.1087005387682045,0.13281094913880997,0.028170834171742723,0.2086106724845712,0.6799999999999999,0.2,0.44000000000000006,0.56,0.48,0.39999999999999997
bayes,72,TrialState.COMPLETE,0.7759873245274486,0.091907,False,stop_heavy,0.4041969662530974,0.20937713741860517,0.10509396257292333,0.09673269690709888,0.033132679468130755,0.18478588945871713,0.6799999999999999,0.2,0.44000000000000006,0.56,0.48,0.39999999999999997
bayes,73,TrialState.COMPLETE,0.7759873245274486,0.08978,False,stop_heavy,0.4144260163778931,0.13855528960930877,0.12393833901277358,0.05118423394776257,0.0469094472374277,0.18461670685984155,0.6799999999999999,0.2,0.44000000000000006,0.56,0.48,0.42
bayes,74,TrialState.COMPLETE,0.7681876637619208,0.089124,False,stop_heavy,0.4168566248281632,0.1369613227087489,0.12130192874090023,0.05231648045264684,0.0404110248083271,0.1751154954903693,0.6599999999999999,0.2,0.4,0.52,0.45999999999999996,0.44
bayes,75,TrialState.COMPLETE,0.7754730997796203,0.092409,False,stop_heavy,0.39161274498813897,0.14921974501929938,0.11596371154605982,0.06317692656085293,0.045804681510730125,0.1752795250979472,0.6799999999999999,0.22,0.44000000000000006,0.56,0.48,0.42
bayes,76,TrialState.COMPLETE,0.7618847296584493,0.104234,False,stop_heavy,0.4229705454074324,0.14649990870559462,0.1317904173507118,0.06464499999993668,0.0517891700507463,0.18409064182888096,0.6799999999999999,0.22,0.4,0.56,0.5,0.42
bayes,77,TrialState.PRUNED,0.716042819686224,0.060508,True,stop_heavy,0.39098302952015396,0.12588098077408644,0.1416339254008856,0.07616962166606794,0.03390876617891349,0.17192138174819688,0.6599999999999999,0.26,0.44000000000000006,0.52,0.5,0.44
bayes,78,TrialState.PRUNED,0.8569616309373685,0.043385,True,stop_heavy,0.32694835219538676,0.14038251894704484,0.12434363768980665,0.059042945649220344,0.07250243453457933,0.185713995154389,0.62,0.24000000000000002,0.44000000000000006,0.56,0.48,0.42
bayes,79,TrialState.COMPLETE,0.7608667691667664,0.057418,False,stop_heavy,0.4048685103321346,0.1501008192807861,0.11461539544900995,0.07111670780076233,0.021268035446266043,0.15593242500061325,0.7,0.22,0.4,0.52,0.52,0.42
