query_idx,text_hash,true_label,risk_4d,lexical_stop,I_db,I_mem,I_sec,I_dat,neighbor_entropy,mean_distance,class_consensus,conformal_set_size,rag_uncertainty,agent_label_sim,agent_confidence_sim,token_cost_proxy,loop_retry_proxy,plan_entropy,agent_disagreement
0,478d2a73e17118f494cfae75a606c3f9ce15476888faffcd8454cfb63c8dd49d,pausa,0.0,False,0.0,0.0,0.0,0.0,0.96023,0.172239,0.4,2,0.651787,stop,0.7000000000000001,1200.0,0,0.96023,0.0
1,aeb86fa31ccaedfbc25152cf6213795ca8ca04f5eced9cc382a7604a6aa46cb3,pausa,0.0,False,0.0,0.0,0.0,0.0,0.455486,0.0,0.8,1,0.267743,pausa,0.7000000000000001,1200.0,0,0.455486,0.0
2,607fd62f6c0d64e7f32b5395a78cd019937527ba1dfd21429c3078166cbde8f8,pausa,0.0,False,0.0,0.0,0.0,0.0,0.96023,0.130635,0.4,2,0.639305,play,0.7000000000000001,1200.0,0,0.96023,0.0
3,881a7c9131943ddf21948ee1fb82a690649553ea1d357c119c99bd0e238e95c7,pausa,0.0,False,0.0,0.0,0.0,0.0,0.864974,0.242209,0.6,1,0.585149,play,0.7000000000000001,1200.0,0,0.864974,0.0
4,fff9440a43b6206fd15f63dcb88c2d745a567a1431953592355bae4ffcd005ef,pausa,0.0,False,0.0,0.0,0.0,0.0,0.864974,0.137557,0.6,1,0.553754,pausa,0.7000000000000001,1200.0,0,0.864974,0.0
5,5ab7a93ef41a0885cc1f9db0bfa0bbfd2ed2cd2af755be0dd113ed9929efd60c,pausa,0.0,False,0.0,0.0,0.0,0.0,0.612602,0.061858,0.6,2,0.404858,pausa,0.7000000000000001,1200.0,0,0.612602,0.0
6,fd1c677944f8ca72edd4816125e8b3f42a12a6a5e49923f3e40e3e13a73803bb,pausa,0.0,True,0.0,0.0,0.0,0.0,0.455486,0.114264,0.8,1,0.302022,pausa,0.7000000000000001,1200.0,0,0.455486,0.0
7,b390dac64689b86287ca627efa07e6a3368c0dd9d6f4d653e1786d353455e693,pausa,0.0,False,0.0,0.0,0.0,0.0,0.864974,0.171333,0.6,1,0.563887,pausa,0.7000000000000001,1200.0,0,0.864974,0.0
8,e384ddf22c5d721b122840a3fa47ed3273224311d0ac50049764191ee521ddce,pausa,0.0,False,0.0,0.0,0.0,0.0,0.455486,0.0,0.8,1,0.267743,pausa,0.7000000000000001,1200.0,0,0.455486,0.0
9,5ab950c28271405134884512dcb4c94c2953dc2ed29fee2b1bdec641108bdc11,pausa,0.0,False,0.0,0.0,0.0,0.0,0.612602,0.093545,0.6,2,0.414364,pausa,0.7000000000000001,1200.0,0,0.612602,0.0
10,22faac5ccc71e10c3cb70f96971537659fa82ba23b7c4238d0033aae3f75bc31,play,0.0,False,0.0,0.0,0.0,0.0,0.864974,0.147447,0.6,1,0.556721,play,0.7000000000000001,1200.0,0,0.864974,0.0
11,891204e5d79a672b85bf91ddd9e44998aee086e03b249c861d577cac64257e43,pausa,0.0,False,0.0,0.0,0.0,0.0,-0.0,0.078792,1.0,1,0.023638,stop,0.7000000000000001,1200.0,0,-0.0,0.0
12,b338ffcee9fc1b5900f6ceb469f1ae79c3bd706624c0fd475135ae3e8505de61,pausa,0.0,False,0.0,0.0,0.0,0.0,0.96023,1.0,0.4,2,0.900115,play,0.7000000000000001,1200.0,0,0.96023,0.0
13,b6f500f006ded41d74c32e874f55c87ea27a83cae1066ba78051ecad7845b3b5,pausa,0.0,False,0.0,0.0,0.0,0.0,0.612602,0.141041,0.6,2,0.428613,pausa,0.7000000000000001,1200.0,0,0.612602,0.0
14,d1b96f0d8ecd18d908936f641166c3e5b797763ca4a64ca856f130be54938059,pausa,0.0,False,0.0,0.0,0.0,0.0,-0.0,0.130442,1.0,1,0.039133,pausa,0.7000000000000001,1200.0,0,-0.0,0.0
15,a8f390c58560a8790d29008b21c3d1efd960c61c3185a95cd91f831f1803eb54,pausa,0.0,False,0.0,0.0,0.0,0.0,-0.0,0.09839,1.0,1,0.029517,pausa,0.7000000000000001,1200.0,0,-0.0,0.0
16,273d28147f5877244923e2b1e468eb4f672d700397b704b76c9b90f0879c040c,pausa,0.0,False,0.0,0.0,0.0,0.0,0.455486,0.075319,0.8,1,0.290339,play,0.7000000000000001,1200.0,0,0.455486,0.0
17,6f8204499e80d326addffd697cd2de00a211b74b4f603f999d5d79ae419a0cc5,stop,0.0,False,0.0,0.0,0.0,0.0,-0.0,-0.0,1.0,1,-0.0,stop,0.7000000000000001,1200.0,0,-0.0,0.0
18,5d6d127b60e15cf454b53ab11f82a87670b61e0214fcbe5c4c4b039d607d9af8,pausa,0.15,True,0.5,0.0,0.0,0.0,0.455486,0.030762,0.8,1,0.276972,play,0.7000000000000001,1200.0,0,0.455486,0.0
19,7464ceba6c66c69efc4e2a582a313e6949930137b2554321dcb0d95ca8467c10,stop,0.0,False,0.0,0.0,0.0,0.0,0.96023,1.0,0.4,2,0.900115,play,0.7000000000000001,1200.0,0,0.96023,0.0
20,7d68bec9a29b5d4c54101ba60f25e99d000774882359641a0e8eca4626578fd9,pausa,0.0,False,0.0,0.0,0.0,0.0,0.864974,0.127848,0.6,1,0.550841,pausa,0.7000000000000001,1200.0,0,0.864974,0.0
21,b9515602146a02e939bd94533e45ec82e9143cd378185e739a9318698b40026a,play,0.0,False,0.0,0.0,0.0,0.0,0.96023,0.041684,0.4,2,0.61262,play,0.7000000000000001,1200.0,0,0.96023,0.0
22,82c75117b7db95e720b017ba43a48d6f4a1a908b99ab25ad7c0f7291a53d78fc,stop,0.335667,True,0.6,0.0,0.08,0.06,-0.0,0.0,1.0,1,0.0,stop,0.7000000000000001,1200.0,0,-0.0,0.0
23,4c631e2116428ab0797ec862b72535cd7c9a5aa8701d9eef13a6bae08d523eac,pausa,0.0,False,0.0,0.0,0.0,0.0,0.96023,0.1426,0.4,2,0.642895,play,0.7000000000000001,1200.0,0,0.96023,0.0
24,0faabe2e1677cd1aaf654cd550fd1890fd43680d999b512a37b0a2b04c19f348,play,0.0,False,0.0,0.0,0.0,0.0,0.612602,0.216048,0.6,2,0.451115,play,0.7000000000000001,1200.0,0,0.612602,0.0
25,c2fe79b141e00c30134ef23b651121f0f9077334ebbcb7a7f8809c28bbec3e5a,stop,0.0,False,0.0,0.0,0.0,0.0,0.96023,0.154594,0.4,2,0.646493,pausa,0.7000000000000001,1200.0,0,0.96023,0.0
26,bf094bca985be3654a4b16cecaa14b594881d4ef78a494bde0d5fdafd657ae9c,pausa,0.0,True,0.0,0.0,0.0,0.0,0.612602,0.193556,0.6,2,0.444368,pausa,0.7000000000000001,1200.0,0,0.612602,0.0
27,e1867e00445421cccafe1a0e9c216044867a918307433adb63b52afa5b2722d9,pausa,0.0,False,0.0,0.0,0.0,0.0,0.612602,0.190382,0.6,2,0.443415,pausa,0.7000000000000001,1200.0,0,0.612602,0.0
28,127caefca4ae5bb454be4cb4419b5f6e75abb9e1a362f8e597a378082731cb71,pausa,0.0,False,0.0,0.0,0.0,0.0,0.96023,-0.0,0.4,2,0.600115,stop,0.7000000000000001,1200.0,0,0.96023,0.0
29,35c9d67b7076417a4166ebed22fbea7c8d7ea9ed0fbbabb1168cb91af3712cf2,pausa,0.0,False,0.0,0.0,0.0,0.0,0.612602,0.26219,0.6,2,0.464958,pausa,0.7000000000000001,1200.0,0,0.612602,0.0
30,3131e7dfb745ac264427889cfee10c62b97bd0101d587c949ce982125f751658,stop,0.0,False,0.0,0.0,0.0,0.0,0.864974,0.211675,0.6,1,0.575989,stop,0.7000000000000001,1200.0,0,0.864974,0.0
31,a565487dabf5a9ba6e613a95d40d37c685f9ac8fdcc8a7139889c48b60de140d,pausa,0.0,False,0.0,0.0,0.0,0.0,0.612602,0.17225,0.6,2,0.437976,pausa,0.7000000000000001,1200.0,0,0.612602,0.0
32,c15913ce8a802b3406d4eb4763b133d9684ef0d19a4d56e5b3b27dc0faf444c7,pausa,0.0,False,0.0,0.0,0.0,0.0,0.612602,0.245425,0.6,2,0.459928,pausa,0.7000000000000001,1200.0,0,0.612602,0.0
33,e7a4f2c15811f16915c53d482f1d1e6902fd92ee8ef1c774372e50befc1878d6,pausa,0.0,False,0.0,0.0,0.0,0.0,0.96023,1.0,0.4,2,0.900115,play,0.7000000000000001,1200.0,0,0.96023,0.0
34,6c2023480837ffd793e7b841b4451b6b38fbbd3a9873f8b62f999d79d2362a41,pausa,0.12,False,0.0,0.0,0.4,0.0,0.455486,0.220758,0.8,1,0.33397,pausa,0.7000000000000001,1200.0,0,0.455486,0.0
35,7de056f55aa90f96d9a51ee0b3c39db2f90c8cfb99bf04524747d4c94b05ff39,pausa,0.0,False,0.0,0.0,0.0,0.0,0.612602,0.211453,0.6,2,0.449737,pausa,0.7000000000000001,1200.0,0,0.612602,0.0
36,32e6fa454a1be9970f3a7f2df6bba2477f2495d4451b9444602c512dce1bc9f6,pausa,0.0,False,0.0,0.0,0.0,0.0,0.455486,0.101608,0.8,1,0.298225,play,0.7000000000000001,1200.0,0,0.455486,0.0
37,e45fc8cccc7b95c6c876df197bfd5440432a074f5691bda96363b1ec60cc8a25,pausa,0.0,False,0.0,0.0,0.0,0.0,0.612602,0.075029,0.6,2,0.408809,pausa,0.7000000000000001,1200.0,0,0.612602,0.0
38,a6680ed767e8fd7ada2b32e0c4361670db8cba8ec310d5b83894b3ddab31b9cb,pausa,0.0,False,0.0,0.0,0.0,0.0,0.96023,0.071712,0.4,2,0.621628,play,0.7000000000000001,1200.0,0,0.96023,0.0
39,3286477e8f580de80a75b932e23b9931e59241383e86089aece419084bf14b24,pausa,0.0,False,0.0,0.0,0.0,0.0,0.96023,0.075568,0.4,2,0.622785,stop,0.7000000000000001,1200.0,0,0.96023,0.0
40,6479fb18f4ecf55b868e67f0752364638e47b61554098974226069553d44fc81,stop,0.0,False,0.0,0.0,0.0,0.0,0.864974,-0.0,0.6,1,0.512487,pausa,0.7000000000000001,1200.0,0,0.864974,0.0
41,322fbff8724456303e801f832161b4793dcf291e011ec446a4de11a7c9e4c779,pausa,0.06,False,0.0,0.0,0.0,0.0,0.612602,0.084355,0.6,2,0.411607,play,0.7000000000000001,1200.0,0,0.612602,0.0
42,a22790f4efac31e79a68854bff313f399bca47785d7a7e24f5138d4d620e359f,pausa,0.0,False,0.0,0.0,0.0,0.0,0.455486,0.175725,0.8,1,0.32046,pausa,0.7000000000000001,1200.0,0,0.455486,0.0
43,844e1acb997f78be2d5cc3d7ce068cf3e86d72f0eca84a3539aa7801ede6fe9d,pausa,0.335667,True,0.6,0.0,0.08,0.06,-0.0,0.257983,1.0,1,0.077395,stop,0.7000000000000001,1200.0,0,-0.0,0.0
44,b1219e55f926e20969cf1e8ecddd80dbfe9328f5c51fa2b45b78446e787c139f,pausa,0.0,False,0.0,0.0,0.0,0.0,0.96023,0.064362,0.4,2,0.619423,play,0.7000000000000001,1200.0,0,0.96023,0.0
45,a7d6a8ae8dd32e8e376f453daef9820ee61a607327ed71a9c7e03077a87f6b5a,stop,0.0,False,0.0,0.0,0.0,0.0,-0.0,0.003141,1.0,1,0.000942,stop,0.7000000000000001,1200.0,0,-0.0,0.0
46,e840fb9305c81b50a3860d58d32c8da9c9beae5a0301f850e715a757a2156e6d,pausa,0.0,False,0.0,0.0,0.0,0.0,-0.0,0.06412,1.0,1,0.019236,pausa,0.7000000000000001,1200.0,0,-0.0,0.0
47,616a1b3b78474819bc0d9513585731aa895242356ed4686e0c668df757219439,pausa,0.0,False,0.0,0.0,0.0,0.0,0.864974,0.120585,0.6,1,0.548662,play,0.7000000000000001,1200.0,0,0.864974,0.0
48,ac5462f18506148837cf43c3ce39e9b85853666e7342b2ae02615afc7dcd84a8,play,0.0,False,0.0,0.0,0.0,0.0,-0.0,0.17753,1.0,1,0.053259,pausa,0.7000000000000001,1200.0,0,-0.0,0.0
49,3ddb06e187d479e306f0871690bac62618c889a0523045296b07a4305b1b9d00,pausa,0.185667,True,0.1,0.0,0.08,0.06,0.612602,0.099747,0.6,2,0.416225,pausa,0.7000000000000001,1200.0,0,0.612602,0.0
50,5859d6f4e010dfa1150fdad18443c920c662574a6df62165e5c37c39bac3a4e8,pausa,0.0,False,0.0,0.0,0.0,0.0,0.612602,0.096127,0.6,2,0.415139,pausa,0.7000000000000001,1200.0,0,0.612602,0.0
51,5bbb5f3b3bdefd79e8ef37041ae97309b6e9c5ef33278b3bb3b867d1caf1b9bb,pausa,0.0,False,0.0,0.0,0.0,0.0,0.455486,0.150302,0.8,1,0.312834,play,0.7000000000000001,1200.0,0,0.455486,0.0
52,937cac14895ce6f945ffa7939c8d8845360060cc3648348e96a3a66b7a518cf2,pausa,0.335667,True,0.6,0.0,0.08,0.06,-0.0,0.0,1.0,1,0.0,stop,0.7000000000000001,1200.0,0,-0.0,0.0
53,96e716d42f2d18184bba74dbed10bc6d22d08cf626a5018934992709900eb10a,pausa,0.0,False,0.0,0.0,0.0,0.0,0.455486,0.020974,0.8,1,0.274035,play,0.7000000000000001,1200.0,0,0.455486,0.0
54,8ae708ddd73f307c16169ac1782e604c248a988d6ae82f6761757eb5548386ef,stop,0.0,False,0.0,0.0,0.0,0.0,0.864974,0.215847,0.6,1,0.577241,play,0.7000000000000001,1200.0,0,0.864974,0.0
55,c53049828e5bd02770affb434d8eff15d4a4791e4a24488e6548ea2bf4adf687,pausa,0.0,False,0.0,0.0,0.0,0.0,0.864974,0.298095,0.6,1,0.601915,play,0.7000000000000001,1200.0,0,0.864974,0.0
56,4f034c9cc8246756d5f94bd65e7901447c5824a64478fc40ccf74aadac7cfc33,pausa,0.0,False,0.0,0.0,0.0,0.0,0.612602,0.123756,0.6,2,0.423428,pausa,0.7000000000000001,1200.0,0,0.612602,0.0
57,2e75a114bceecd943769b5b3145dcdbd9ddc34ba89e7ca13ba27fad0b934bf9d,pausa,0.0,False,0.0,0.0,0.0,0.0,0.864974,0.093244,0.6,1,0.54046,pausa,0.7000000000000001,1200.0,0,0.864974,0.0
58,4827f7a503ac54179476105353e0042e3c51f6728397865050f12a7f7dc993bf,pausa,0.0,False,0.0,0.0,0.0,0.0,0.612602,0.130667,0.6,2,0.425501,pausa,0.7000000000000001,1200.0,0,0.612602,0.0
59,272acb087c6de276b2d765a507a8750ad47140a8f5a0cdc99c111182a354bd6c,pausa,0.0,False,0.0,0.0,0.0,0.0,0.96023,0.069738,0.4,2,0.621036,stop,0.7000000000000001,1200.0,0,0.96023,0.0
60,e18f34becf4f8a98618fdf5fb01831800901981c4012d93da20e7214acafb798,pausa,0.0,False,0.0,0.0,0.0,0.0,0.455486,0.268067,0.8,1,0.348163,pausa,0.7000000000000001,1200.0,0,0.455486,0.0
61,fd6bb9676aa960f06b807db09e3b5b3fed31e361134ecea368bb8126a94a8e7d,pausa,0.0,False,0.0,0.0,0.0,0.0,0.864974,0.04483,0.6,1,0.525936,pausa,0.7000000000000001,1200.0,0,0.864974,0.0
62,7e7a17fe1640db6ade2c39bb59ecd83c19513d031fe38279d0ed5d64c5d21369,pausa,0.0,False,0.0,0.0,0.0,0.0,0.96023,0.0,0.4,2,0.600115,play,0.7000000000000001,1200.0,0,0.96023,0.0
63,262472dd90c85e4deb9b2029575d55ddf819f437043f0e9dc31689b976b23e28,pausa,0.0,False,0.0,0.0,0.0,0.0,0.864974,0.151363,0.6,1,0.557896,play,0.7000000000000001,1200.0,0,0.864974,0.0
64,01ecd6177ee73e60656938e0f0499fe3330db9f03721e26eefa6daf8bbe13590,pausa,0.0,False,0.0,0.0,0.0,0.0,0.612602,0.224443,0.6,2,0.453634,pausa,0.7000000000000001,1200.0,0,0.612602,0.0
65,b629717ee2c78efe81047f5ea63e37b0f72c4f675577af2fbdbbd69695596aa9,pausa,0.0,False,0.0,0.0,0.0,0.0,0.455486,0.124242,0.8,1,0.305016,pausa,0.7000000000000001,1200.0,0,0.455486,0.0
66,c957bf52c7a94994b41a46294c65f06833220772484affcd7c39c045ff2e0d14,pausa,0.0,False,0.0,0.0,0.0,0.0,0.612602,0.310679,0.6,2,0.479505,pausa,0.7000000000000001,1200.0,0,0.612602,0.0
67,6c7f8c49f60ba561068c9d59a29b395337b6e54ecb3bee5083b7914094c3a5cb,pausa,0.0,False,0.0,0.0,0.0,0.0,0.612602,0.088633,0.6,2,0.412891,pausa,0.7000000000000001,1200.0,0,0.612602,0.0
68,0b53d6658c83a53c84951c3ff3c6cea06330a91ca6c57f90aa8861c8695943ed,stop,0.0,False,0.0,0.0,0.0,0.0,0.455486,0.079234,0.8,1,0.291513,play,0.7000000000000001,1200.0,0,0.455486,0.0
69,b26b8177d055d7ced041b1302c2949c01ae7c13381568218b770ea8fc188340b,pausa,0.0,False,0.0,0.0,0.0,0.0,0.864974,0.23237,0.6,1,0.582198,pausa,0.7000000000000001,1200.0,0,0.864974,0.0
70,97655fcbe6b3fe60680050d0446feb56fb33892c9a9afe20cc6f943a7d300fd2,pausa,0.0,False,0.0,0.0,0.0,0.0,0.96023,0.052433,0.4,2,0.615845,pausa,0.7000000000000001,1200.0,0,0.96023,0.0
71,39a29dc81b4975da444783ac60299f2351a014bdaea87ed64965e796ec0c38fc,pausa,0.0,False,0.0,0.0,0.0,0.0,0.612602,0.058592,0.6,2,0.403878,pausa,0.7000000000000001,1200.0,0,0.612602,0.0
72,cdf8895e0a675a95636bce500d14604bfbf5e911bc22173bc40626c2f0fd2b58,play,0.0,False,0.0,0.0,0.0,0.0,0.96023,1.0,0.4,2,0.900115,play,0.7000000000000001,1200.0,0,0.96023,0.0
73,49aaaaa339be47bd78422b99f218fc0483d35e06d757b4f5a220f5b606dffc17,pausa,0.0,False,0.0,0.0,0.0,0.0,0.455486,0.032897,0.8,1,0.277612,play,0.7000000000000001,1200.0,0,0.455486,0.0
74,86d613d07a9c70b52e6fa910c10d890a9032cbc39f7203d194d1bf634c3e3a24,stop,0.335667,True,0.6,0.0,0.08,0.06,0.612602,-0.0,0.6,2,0.386301,stop,0.7000000000000001,1200.0,0,0.612602,0.0
75,7ff06f43bcb2b2b1d4086364e4dd8721a010276af13a471d5254dd9783b34e2a,pausa,0.0,False,0.0,0.0,0.0,0.0,-0.0,0.050623,1.0,1,0.015187,play,0.7000000000000001,1200.0,0,-0.0,0.0
76,46d2787e16d9dcec0163edfc1a78c9d61df6a20402cf7e9686d5c3b0077a76fc,pausa,0.0,False,0.0,0.0,0.0,0.0,0.864974,0.233146,0.6,1,0.58243,play,0.7000000000000001,1200.0,0,0.864974,0.0
77,1225cafdf86e0b337c0935ab1907ce1f91d502b5f13583ec6cd663c45162990b,pausa,0.0,False,0.0,0.0,0.0,0.0,0.864974,0.182419,0.6,1,0.567212,play,0.7000000000000001,1200.0,0,0.864974,0.0
78,3c5d8a2cd4703870cfc24a9696030c3ffcb76408bb376876c853826bccd70aaa,pausa,0.0,False,0.0,0.0,0.0,0.0,0.612602,0.261674,0.6,2,0.464803,play,0.7000000000000001,1200.0,0,0.612602,0.0
79,40c1cce09cf60873e27dfd774ce5892f8a7ba8d8d80aa0d912a82cece5d7d38c,pausa,0.0,False,0.0,0.0,0.0,0.0,0.864974,0.207893,0.6,1,0.574855,play,0.7000000000000001,1200.0,0,0.864974,0.0
80,627ca699ecd62b4a09c75dafca846eba19509b116957710a69583e483bc3780c,play,0.0,False,0.0,0.0,0.0,0.0,0.96023,0.01833,0.4,2,0.605614,pausa,0.7000000000000001,1200.0,0,0.96023,0.0
81,38d12e296a24b749c33d9544d253fa8e79d98f101dc35cbd62da03612bd31c38,play,0.0,False,0.0,0.0,0.0,0.0,0.864974,0.296487,0.6,1,0.601433,stop,0.7000000000000001,1200.0,0,0.864974,0.0
82,cb51982b2ce2acc1fdea8bae05c71dc58cbd6c63452f00098474b4d34b11be67,pausa,0.0,False,0.0,0.0,0.0,0.0,0.455486,0.089886,0.8,1,0.294709,pausa,0.7000000000000001,1200.0,0,0.455486,0.0
83,f5faa99ec298100abfc834d79689776b7a3267c4f929c8b1fdc6da5148f71a5a,pausa,0.0,False,0.0,0.0,0.0,0.0,0.864974,0.140955,0.6,1,0.554773,pausa,0.7000000000000001,1200.0,0,0.864974,0.0
84,99b81a6b2df817378edf18209326bdb02a5965e27f0aae12b4f1ce80e5ab9ae1,pausa,0.0,False,0.0,0.0,0.0,0.0,0.96023,0.15031,0.4,2,0.645208,play,0.7000000000000001,1200.0,0,0.96023,0.0
85,7386e6e9e23bd952ad8ffa1ae0ed68b0b9ae3d93ba1682bc52c6d8a3a050dcfc,pausa,0.15,True,0.5,0.0,0.0,0.0,0.455486,0.22093,0.8,1,0.334022,pausa,0.7000000000000001,1200.0,0,0.455486,0.0
86,f6b84a49d033d3bfa9508f9be589d52ac77005138633aea036b13a16ca9c9419,pausa,0.15,True,0.5,0.0,0.0,0.0,0.612602,0.0,0.6,2,0.386301,pausa,0.7000000000000001,1200.0,0,0.612602,0.0
87,a52e2d75e4cf740f6788c75d7572200271f0f7dabf041cb752aedfb145414089,pausa,0.0,False,0.0,0.0,0.0,0.0,0.455486,0.0,0.8,1,0.267743,pausa,0.7000000000000001,1200.0,0,0.455486,0.0
88,3ca30e82bf8327bae125ac378dadfeaae67c7f42b3e431f47b95a2d948af045e,pausa,0.0,False,0.0,0.0,0.0,0.0,0.612602,0.23796,0.6,2,0.457689,play,0.7000000000000001,1200.0,0,0.612602,0.0
89,4ccb500ba4e2358a71c3e90e9a53255b429e6eee38fc5448afffcad25ace0596,pausa,0.0,False,0.0,0.0,0.0,0.0,0.612602,0.01968,0.6,2,0.392205,play,0.7000000000000001,1200.0,0,0.612602,0.0
90,d302bd17de4f7a695a87c21551c6331d5a3fa8ff8c63aa52ab5b089923d7e30b,pausa,0.0,False,0.0,0.0,0.0,0.0,0.612602,0.01885,0.6,2,0.391956,pausa,0.7000000000000001,1200.0,0,0.612602,0.0
91,1990ca693119faca84520cd0b206e9bc2d6d114237a848ddacbab6d789e99960,pausa,0.0,False,0.0,0.0,0.0,0.0,0.864974,0.128462,0.6,1,0.551025,pausa,0.7000000000000001,1200.0,0,0.864974,0.0
92,7796aa1fc314ead35110feed7d70de944725df2dad87cafd3efb055cbde707c0,pausa,0.15,True,0.5,0.0,0.0,0.0,0.612602,0.122954,0.6,2,0.423187,pausa,0.7000000000000001,1200.0,0,0.612602,0.0
93,d002463a8be47bd70ddabdb485a2c022f633e40a70739def8143af42830dd8e1,pausa,0.0,False,0.0,0.0,0.0,0.0,-0.0,0.238224,1.0,1,0.071467,play,0.7000000000000001,1200.0,0,-0.0,0.0
94,9f7cc071df506aeeae61bdb2992b93e5d713004926220f1c372b9bfe9d875bcf,pausa,0.335667,True,0.6,0.0,0.08,0.06,0.96023,0.119317,0.4,2,0.63591,play,0.7000000000000001,1200.0,0,0.96023,0.0
95,5142721eb544fc10c99ec0ec22015a194c9bf5bed81eef7f7406736f0406383a,pausa,0.075,False,0.0,0.5,0.0,0.0,0.96023,0.114399,0.4,2,0.634435,play,0.7000000000000001,1200.0,0,0.96023,0.0
96,cccfd6956cb178ea9e30d89f430c5fe09829e9d99b32679d843963e95a890694,stop,0.335667,True,0.6,0.0,0.08,0.06,-0.0,0.0,1.0,1,0.0,stop,0.7000000000000001,1200.0,0,-0.0,0.0
97,ffc199f69dbe0c19a5f00c8d8f8200a395760168ac2e8fbc99947929e80567f8,stop,0.0,False,0.0,0.0,0.0,0.0,0.612602,0.136318,0.6,2,0.427196,pausa,0.7000000000000001,1200.0,0,0.612602,0.0
98,a15968f264a0a5a5823e5aadba00e37cec7b4706774e718e19c66e496104a3e0,pausa,0.0,False,0.0,0.0,0.0,0.0,0.864974,0.198621,0.6,1,0.572073,play,0.7000000000000001,1200.0,0,0.864974,0.0
99,424a5434267c76eec85fa294183a61aaba69ed6e1f50f134a26db117083466ae,pausa,0.0,False,0.0,0.0,0.0,0.0,0.96023,0.244082,0.4,2,0.67334,stop,0.7000000000000001,1200.0,0,0.96023,0.0
100,8b3ca72ec21a09322ffdc1d6578994edb8748e0b86f0b8cb845fcf4d77a4faf3,pausa,0.0,False,0.0,0.0,0.0,0.0,0.612602,-0.0,0.6,2,0.386301,play,0.7000000000000001,1200.0,0,0.612602,0.0
101,606ff878553e608a6f821f8157121b3e54130dc91433d72cf20bf22121ce3cf9,pausa,0.0,False,0.0,0.0,0.0,0.0,0.455486,0.032062,0.8,1,0.277362,play,0.7000000000000001,1200.0,0,0.455486,0.0
102,a65ba2f69cbf36ec623f09cdee5bbb045f67d4dab1ef656c3db36b8e571e8481,play,0.0,False,0.0,0.0,0.0,0.0,0.864974,0.079977,0.6,1,0.53648,pausa,0.7000000000000001,1200.0,0,0.864974,0.0
103,6bee8ab2b30d7982ca3b263e1edc31f3da5ae7aee1ebccf940d823c605ba5eff,pausa,0.0,False,0.0,0.0,0.0,0.0,0.612602,0.309373,0.6,2,0.479113,play,0.7000000000000001,1200.0,0,0.612602,0.0
104,7da04aeb5a244fc1aa830b6c75753cb3ac623255051a293a33124ad9a84bf3d7,pausa,0.0,False,0.0,0.0,0.0,0.0,0.864974,0.236756,0.6,1,0.583513,pausa,0.7000000000000001,1200.0,0,0.864974,0.0
105,be2800396329f45330e450079b9f45a364e0ef4bd5f839dbd674be4e013456ce,play,0.0,False,0.0,0.0,0.0,0.0,0.864974,0.19573,0.6,1,0.571206,pausa,0.7000000000000001,1200.0,0,0.864974,0.0
106,70d5f6e2b5a125d696c76d001effaeb47a7542176633854823a7bd60c7ef7648,play,0.0,False,0.0,0.0,0.0,0.0,0.96023,0.128599,0.4,2,0.638694,pausa,0.7000000000000001,1200.0,0,0.96023,0.0
107,97802e31db5b9870d66c4a859e3be949d075e11578b6b1e67c0ca2968f1230dc,pausa,0.06,False,0.0,0.0,0.0,0.0,0.96023,0.200213,0.4,2,0.660179,stop,0.7000000000000001,1200.0,0,0.96023,0.0
108,0921d9615ddf476c65baf00b36b5f08f7e3338ce48884fdd2df88eb9186c2dec,pausa,0.0,False,0.0,0.0,0.0,0.0,0.612602,0.149102,0.6,2,0.431031,play,0.7000000000000001,1200.0,0,0.612602,0.0
109,d7c0bde7bd2d5027c392d0ae1ce53a9e40b7c111d07f3477d4940c9365048f52,pausa,0.0,False,0.0,0.0,0.0,0.0,0.864974,0.117782,0.6,1,0.547821,pausa,0.7000000000000001,1200.0,0,0.864974,0.0
110,b0565092ce936a2bba23e1dfc0a6ea0e18134417beb47610795a93da6767b2a7,pausa,0.0,False,0.0,0.0,0.0,0.0,0.864974,0.056496,0.6,1,0.529436,play,0.7000000000000001,1200.0,0,0.864974,0.0
111,a70e1fba59e0b67c8a5379fe0ac795ecd8d6259281143d0832f812a2dbb9181f,stop,0.0,True,0.0,0.0,0.0,0.0,0.864974,0.13976,0.6,1,0.554415,pausa,0.7000000000000001,1200.0,0,0.864974,0.0
112,e2e69148f4d375ce840b9fac3976fa3f7bb05601f33e9a70cd79b40cfaac9915,pausa,0.0,False,0.0,0.0,0.0,0.0,0.612602,0.059456,0.6,2,0.404137,play,0.7000000000000001,1200.0,0,0.612602,0.0
113,4316542bd62faf96c9ddc2570dcaa47aea78ef76afb99f56e6531818e9ca6aa2,stop,0.0,False,0.0,0.0,0.0,0.0,-0.0,0.052847,1.0,1,0.015854,stop,0.7000000000000001,1200.0,0,-0.0,0.0
114,257d58c855532aca2ac019b25c2cb7f3fc001aa2892caadbbf5586dcee02c4ea,pausa,0.0,False,0.0,0.0,0.0,0.0,0.612602,0.211599,0.6,2,0.449781,pausa,0.7000000000000001,1200.0,0,0.612602,0.0
115,94dfa339be0b8c69bd55cd2d9e34b4c394fd6b88e583a7ebb29dca5160a298ba,pausa,0.0,False,0.0,0.0,0.0,0.0,0.864974,0.0,0.6,1,0.512487,pausa,0.7000000000000001,1200.0,0,0.864974,0.0
116,5b385dbd4face4399e31322df5641e7e62a4b12795fdea1b163eb44e2129ca7d,pausa,0.0,False,0.0,0.0,0.0,0.0,0.864974,0.017052,0.6,1,0.517602,play,0.7000000000000001,1200.0,0,0.864974,0.0
117,a7172dbe97ae9fca83c490d043bde1ebe789d5f3f5f2867e1d9090dbe32bcc83,pausa,0.0,False,0.0,0.0,0.0,0.0,0.864974,0.102126,0.6,1,0.543125,stop,0.7000000000000001,1200.0,0,0.864974,0.0
118,83de58e4b79fa9d6807e9afc2ddcd5c9e1bc6fd2695a122a8a3040041e92b06a,pausa,0.0,False,0.0,0.0,0.0,0.0,0.96023,0.10223,0.4,2,0.630784,stop,0.7000000000000001,1200.0,0,0.96023,0.0
119,e126e26c714bfaf7663096006dcb8e513dfaa39806c468464af77cd431db7c3f,pausa,0.0,False,0.0,0.0,0.0,0.0,0.864974,0.0,0.6,1,0.512487,pausa,0.7000000000000001,1200.0,0,0.864974,0.0
120,2dc84e02ae71cac1a327a65fcecb414016b3ffd03e3c419c2d664aef608cd81c,pausa,0.0,False,0.0,0.0,0.0,0.0,0.96023,0.331936,0.4,2,0.699696,pausa,0.7000000000000001,1200.0,0,0.96023,0.0
121,92f773c386ee72241452256bf463fc1abbbb207514bfdae8e3fe0cbc5a3de900,pausa,0.0,False,0.0,0.0,0.0,0.0,0.612602,0.165208,0.6,2,0.435863,pausa,0.7000000000000001,1200.0,0,0.612602,0.0
122,1f0f4db9013f1eb6829aecba28dccba467e0057cf06dc8326dd29cd80af6b266,play,0.0,False,0.0,0.0,0.0,0.0,0.864974,0.306738,0.6,1,0.604508,play,0.7000000000000001,1200.0,0,0.864974,0.0
123,c2e817d6f3c970b051b58b5747247166e5be85c66d0a145c6547e2006755ed97,pausa,0.0,False,0.0,0.0,0.0,0.0,0.96023,1.0,0.4,2,0.900115,play,0.7000000000000001,1200.0,0,0.96023,0.0
124,aab65ec304751fdaf81faf289716c5b6fb98a600af8a97ad6b087a47a9b83a13,pausa,0.0,False,0.0,0.0,0.0,0.0,0.612602,0.0,0.6,2,0.386301,play,0.7000000000000001,1200.0,0,0.612602,0.0
125,5e27ea3824b4919896f5798742f07466b32826be9f153a960d43d00d0d7437c2,pausa,0.0,False,0.0,0.0,0.0,0.0,0.455486,0.0,0.8,1,0.267743,pausa,0.7000000000000001,1200.0,0,0.455486,0.0
126,16f2160e72c9ebb3e8b89072fd90185e8a9aa06bdaa0e97073d3ff2b493bf0ec,pausa,0.0,False,0.0,0.0,0.0,0.0,0.612602,0.127729,0.6,2,0.42462,stop,0.7000000000000001,1200.0,0,0.612602,0.0
127,b2d957f5eb92fb0773403a0efb4394b19269d8b1d0e79abbb7bcc0e335a2923c,pausa,0.0,False,0.0,0.0,0.0,0.0,0.455486,0.0,0.8,1,0.267743,play,0.7000000000000001,1200.0,0,0.455486,0.0
128,9cc5035ad60603f6c3f30e49c7864410b78fb6bac15f0446d98554841950f20c,pausa,0.0,False,0.0,0.0,0.0,0.0,0.455486,0.112762,0.8,1,0.301572,play,0.7000000000000001,1200.0,0,0.455486,0.0
129,1f464cfedc6c0995dc47aab142139a846c9c4d3424199cc208ff91cbae53e119,pausa,0.0,False,0.0,0.0,0.0,0.0,0.612602,0.258427,0.6,2,0.463829,pausa,0.7000000000000001,1200.0,0,0.612602,0.0
130,c1eb414f80c0371279b4da313a77cfd1eb400f9c7ca30d0a7db8ae1d49abea6b,pausa,0.0,False,0.0,0.0,0.0,0.0,0.864974,0.353424,0.6,1,0.618514,play,0.7000000000000001,1200.0,0,0.864974,0.0
131,3803e33027fbae562673bc69c1d54199a15d569afc0fd78f2259551329eb5c89,pausa,0.0,False,0.0,0.0,0.0,0.0,0.96023,0.071088,0.4,2,0.621441,play,0.7000000000000001,1200.0,0,0.96023,0.0
132,4078eabccb8d2b09ebd92730aea2de548c5f29369d981360a5e9e0cae3e916e2,pausa,0.0,False,0.0,0.0,0.0,0.0,0.455486,0.025859,0.8,1,0.275501,play,0.7000000000000001,1200.0,0,0.455486,0.0
133,78be80d67f15765d18ea2070d4d24cf6c169bf7b9600962c9a3cb1f091e7d35e,pausa,0.0,False,0.0,0.0,0.0,0.0,0.612602,0.085713,0.6,2,0.412015,play,0.7000000000000001,1200.0,0,0.612602,0.0
134,c4f8002b58a4a62b85a51cf813f762efaa240aa9d4acb476766804b29205909c,pausa,0.0,False,0.0,0.0,0.0,0.0,0.864974,0.194317,0.6,1,0.570782,play,0.7000000000000001,1200.0,0,0.864974,0.0
135,cf9f33f2901653672cdbdfd1d324332108a56ed4ed394f5b33ec9a113cd39e4a,pausa,0.0,False,0.0,0.0,0.0,0.0,0.96023,0.160674,0.4,2,0.648317,stop,0.7000000000000001,1200.0,0,0.96023,0.0
136,fc86a1b64068397448a81139f4b4954a724a2628531168932b4437f3a94dcc0b,pausa,0.0,False,0.0,0.0,0.0,0.0,0.864974,0.221171,0.6,1,0.578838,pausa,0.7000000000000001,1200.0,0,0.864974,0.0
137,f09b4758af99925fba656e45185d3716cacb6742a4796107612836fda0332a0b,pausa,0.0,False,0.0,0.0,0.0,0.0,0.455486,0.277742,0.8,1,0.351066,play,0.7000000000000001,1200.0,0,0.455486,0.0
138,94e53428e5da95696b0e513e88383c0bb528416a1674c2e5982d249a6373b148,pausa,0.0,False,0.0,0.0,0.0,0.0,0.96023,0.178556,0.4,2,0.653682,play,0.7000000000000001,1200.0,0,0.96023,0.0
139,8befe2ebeaa8ef6ea89e140bc97bd3740f239fa4938ffb0e8cd57c0df204d639,pausa,0.0,False,0.0,0.0,0.0,0.0,0.864974,0.195651,0.6,1,0.571182,pausa,0.7000000000000001,1200.0,0,0.864974,0.0
140,d661ea2c83d44d137f448421cb0a7e8403a7b0fc714f8f9c115b897b57123bf6,pausa,0.0,False,0.0,0.0,0.0,0.0,0.612602,0.077709,0.6,2,0.409614,play,0.7000000000000001,1200.0,0,0.612602,0.0
141,e0eb90c6938cc0213974812ab91a55871687ede0d62630da977e35a024ff4a84,pausa,0.0,False,0.0,0.0,0.0,0.0,0.612602,0.12826,0.6,2,0.424779,play,0.7000000000000001,1200.0,0,0.612602,0.0
142,4b3e5959f588e29dc6a49bdae1d2462b1a257db837e835ce9a3854f076b509b2,pausa,0.0,False,0.0,0.0,0.0,0.0,0.455486,0.133908,0.8,1,0.307915,pausa,0.7000000000000001,1200.0,0,0.455486,0.0
143,83dfc7b796f35e9f5c58c7fab8d126b656aea18eec6cb5a49e1fd42f70c8cd7b,pausa,0.0,False,0.0,0.0,0.0,0.0,0.864974,0.043034,0.6,1,0.525397,play,0.7000000000000001,1200.0,0,0.864974,0.0
144,4d61f383ee670a1b548759395ebde435c851d4683f2cb9451f23d96b758b7d47,pausa,0.0,False,0.0,0.0,0.0,0.0,-0.0,0.308226,1.0,1,0.092468,pausa,0.7000000000000001,1200.0,0,-0.0,0.0
145,c55f661ede9428b6aaf28e214362c7f181576a4bed26057fdafa9ac058c116fa,pausa,0.0,False,0.0,0.0,0.0,0.0,0.864974,0.078014,0.6,1,0.535891,play,0.7000000000000001,1200.0,0,0.864974,0.0
146,790d2fc54f352590b0233038db0cd18ed4376b415ee12e2d0e88be477abd4ce6,pausa,0.0,False,0.0,0.0,0.0,0.0,0.612602,0.352277,0.6,2,0.491984,pausa,0.7000000000000001,1200.0,0,0.612602,0.0
147,0d5d9daaaa2c9e6fe697fef7990fac2bd22c073f2df820b348380589550df033,pausa,0.0,False,0.0,0.0,0.0,0.0,0.455486,0.046377,0.8,1,0.281656,pausa,0.7000000000000001,1200.0,0,0.455486,0.0
148,3c4e8450147df5f1fddc0d5af0b04e38e041f0517f851e759da177f6d48276c3,pausa,0.0,False,0.0,0.0,0.0,0.0,0.612602,0.082568,0.6,2,0.411071,pausa,0.7000000000000001,1200.0,0,0.612602,0.0
149,c75e4e29b1ac053fce58bb8d8c06a0ec422b4387901cae92f6abf642792ae228,pausa,0.0,False,0.0,0.0,0.0,0.0,0.455486,0.177319,0.8,1,0.320939,pausa,0.7000000000000001,1200.0,0,0.455486,0.0
150,bf23019e3f0f0389498472c1b560d71c732de4bd034b54affa61745490c59540,play,0.0,False,0.0,0.0,0.0,0.0,0.96023,0.074853,0.4,2,0.622571,pausa,0.7000000000000001,1200.0,0,0.96023,0.0
151,20768a24094fea993dca6801e66f07294023eeb30a7a5829f69be5177c1c2930,pausa,0.0,False,0.0,0.0,0.0,0.0,0.612602,0.092922,0.6,2,0.414178,pausa,0.7000000000000001,1200.0,0,0.612602,0.0
152,43bc9e7111b85663bb7d0d52dfbff497b1d2cb67366e39974980406a8689fade,pausa,0.0,False,0.0,0.0,0.0,0.0,0.455486,0.086054,0.8,1,0.293559,play,0.7000000000000001,1200.0,0,0.455486,0.0
153,078a25e5184a253f3c12eb35f0bfd6686483cf48bc0d52bfa52cf76c0e8ebfa2,pausa,0.0,False,0.0,0.0,0.0,0.0,0.612602,0.007364,0.6,2,0.38851,stop,0.7000000000000001,1200.0,0,0.612602,0.0
154,a8864f87f512dc4256f20efd6ce9f91dbf083ec3032c8a5f0e5da33b60b7dd81,play,0.15,True,0.5,0.0,0.0,0.0,0.612602,0.254697,0.6,2,0.46271,pausa,0.7000000000000001,1200.0,0,0.612602,0.0
155,df91360fe4199fab490893652b27d79889b1059840985512014877f0047cad60,pausa,0.0,False,0.0,0.0,0.0,0.0,-0.0,0.130442,1.0,1,0.039133,pausa,0.7000000000000001,1200.0,0,-0.0,0.0
156,a1ba00ed858e4d9f8e8ba2bee484bd065794c38a694ff99e9e5ac42ba1bb89ba,pausa,0.0,False,0.0,0.0,0.0,0.0,0.864974,0.132289,0.6,1,0.552174,play,0.7000000000000001,1200.0,0,0.864974,0.0
157,bff1b2cb06bd9a5d2a2aaccb0a8d80f286ead842c0fc8a600d9a2c1fb4515509,pausa,0.0,False,0.0,0.0,0.0,0.0,0.455486,0.138806,0.8,1,0.309385,pausa,0.7000000000000001,1200.0,0,0.455486,0.0
158,c7c6867d1bd1295fbec5aed1325ca155487dd865f9b9c109892be8d38d3e901a,pausa,0.0,False,0.0,0.0,0.0,0.0,0.612602,0.12129,0.6,2,0.422688,play,0.7000000000000001,1200.0,0,0.612602,0.0
159,2fa31ca7fb4abb0c94a521eace7a87775d46c4d008ea453b1ae2a3cad6facef6,stop,0.0,False,0.0,0.0,0.0,0.0,-0.0,0.006172,1.0,1,0.001852,stop,0.7000000000000001,1200.0,0,-0.0,0.0
160,8964f187b2713616966c1f37532dadf07389ab5e07de6e1567afa554b5e96cec,stop,0.0,False,0.0,0.0,0.0,0.0,0.864974,0.033407,0.6,1,0.522509,pausa,0.7000000000000001,1200.0,0,0.864974,0.0
161,af5351f6169d7313470537750bb49c9a571dfaf8d92f59dab5d02057bca389d6,pausa,0.0,False,0.0,0.0,0.0,0.0,0.96023,0.03109,0.4,2,0.609442,pausa,0.7000000000000001,1200.0,0,0.96023,0.0
162,8e2aac88c2bf2c9268af13319e6532998c9610b08cc5d2b911d1a34c10d73ad6,pausa,0.0,False,0.0,0.0,0.0,0.0,0.612602,0.061522,0.6,2,0.404757,play,0.7000000000000001,1200.0,0,0.612602,0.0
163,5c7f8840cd640516902647cd74d35380e2d139f6447c5ca84c2d331f4d74c0b2,pausa,0.0,False,0.0,0.0,0.0,0.0,0.96023,0.251603,0.4,2,0.675596,pausa,0.7000000000000001,1200.0,0,0.96023,0.0
164,f2db3eb5077966ab9c32185a3cfe901da90f3c93c668731033ad1d9cce5aaab7,pausa,0.0,False,0.0,0.0,0.0,0.0,-0.0,0.143989,1.0,1,0.043197,pausa,0.7000000000000001,1200.0,0,-0.0,0.0
165,eaac27faa5dc9a64612c86569ed7fa7bf1d9e9cba474fafe39cd88d93c36bbbc,pausa,0.0,False,0.0,0.0,0.0,0.0,0.96023,0.247405,0.4,2,0.674337,play,0.7000000000000001,1200.0,0,0.96023,0.0
166,2189040f771a50d85e4b8b8185ef5211a64d452db8ae66dab59f3cb42156c5c5,stop,0.1125,True,0.0,0.0,0.0,0.45,0.96023,0.0,0.4,2,0.600115,play,0.7000000000000001,1200.0,0,0.96023,0.0
167,312bfbfe1acc6b2c3ff39cb55adc03a69090d76adf0e1599d7327f44df15588c,pausa,0.0,False,0.0,0.0,0.0,0.0,0.864974,0.166104,0.6,1,0.562318,play,0.7000000000000001,1200.0,0,0.864974,0.0
168,f780bd02a2874ac5384ed1137dae5f528c6877fd5672e83c3340277d4fcd442b,pausa,0.0,False,0.0,0.0,0.0,0.0,0.612602,0.0,0.6,2,0.386301,pausa,0.7000000000000001,1200.0,0,0.612602,0.0
169,e98a772a1e0df357911c12d41b3d9e6f19e6369219ba67d44ad0e274ae082358,pausa,0.0,False,0.0,0.0,0.0,0.0,0.612602,0.099302,0.6,2,0.416091,play,0.7000000000000001,1200.0,0,0.612602,0.0
170,fb68b66c15d7eb6e34cd4a8175ca357dc738990ee62ac7f77c848d5ee8d07f1e,pausa,0.0,False,0.0,0.0,0.0,0.0,-0.0,0.154582,1.0,1,0.046375,play,0.7000000000000001,1200.0,0,-0.0,0.0
171,95100536e9cc3399a2f22fa1a1c5e18a69ba139f870fbe3de7ced1f01ec718fd,pausa,0.0,False,0.0,0.0,0.0,0.0,0.612602,0.058073,0.6,2,0.403723,play,0.7000000000000001,1200.0,0,0.612602,0.0
172,11ef8f3300ff8768163a9d38f8f02d9317296c0e79564da834a6a55926d9a857,pausa,0.0,False,0.0,0.0,0.0,0.0,0.612602,0.08839,0.6,2,0.412818,pausa,0.7000000000000001,1200.0,0,0.612602,0.0
173,6f077b5176e8dabc622a4c6a7d24588b8f89556d70b4a046c95f65052dd20815,pausa,0.0,False,0.0,0.0,0.0,0.0,0.455486,0.040797,0.8,1,0.279982,play,0.7000000000000001,1200.0,0,0.455486,0.0
174,0882e3d4dc3a214640501eec7159a8cc5b55c48aac4f11d80aa0900707daacd8,pausa,0.0,False,0.0,0.0,0.0,0.0,0.96023,0.114199,0.4,2,0.634374,play,0.7000000000000001,1200.0,0,0.96023,0.0
175,1af8cedd0b4c7e282755e2bda9702387c802c40a9e709361817bcbed1fb88e30,pausa,0.0,False,0.0,0.0,0.0,0.0,0.864974,0.095809,0.6,1,0.54123,pausa,0.7000000000000001,1200.0,0,0.864974,0.0
176,ab1d026695d075009da5d80f893df53ed1350b3357157da5bbd9767a5d9c1f70,pausa,0.0,False,0.0,0.0,0.0,0.0,0.612602,0.043255,0.6,2,0.399277,pausa,0.7000000000000001,1200.0,0,0.612602,0.0
177,24be95bbad0c65ef58a4fee89696cc629e0feb1302cda210938ed94ba1ea2c62,pausa,0.0,False,0.0,0.0,0.0,0.0,0.612602,0.216147,0.6,2,0.451145,pausa,0.7000000000000001,1200.0,0,0.612602,0.0
178,79fe8fed852b1c27af8e0efc3e5f8938e81780684d07669a917193f252688733,pausa,0.0,False,0.0,0.0,0.0,0.0,-0.0,0.03155,1.0,1,0.009465,play,0.7000000000000001,1200.0,0,-0.0,0.0
179,30f2f38e693f571970ca7eec8c85d902ddffd655cf98d57673f3173a0ab1c604,play,0.0,False,0.0,0.0,0.0,0.0,0.612602,0.065962,0.6,2,0.406089,pausa,0.7000000000000001,1200.0,0,0.612602,0.0
180,054a02c0458463c056eae1a13c6afed93ebdf275acd2f9341b33b4cb1678637a,pausa,0.12,False,0.4,0.0,0.0,0.0,0.455486,0.0,0.8,1,0.267743,pausa,0.7000000000000001,1200.0,0,0.455486,0.0
181,7ea7e774e68d31b9aa24f5ef3f538bf4ef72dd01a5612662df55605bd50e0fb4,pausa,0.0,False,0.0,0.0,0.0,0.0,0.612602,0.073701,0.6,2,0.408411,pausa,0.7000000000000001,1200.0,0,0.612602,0.0
182,7d2457318732ecac6a1e3bfce38f1ab2d11d495f381176874a73ee2a3390aa1d,pausa,0.0,False,0.0,0.0,0.0,0.0,0.96023,1.0,0.4,2,0.900115,play,0.7000000000000001,1200.0,0,0.96023,0.0
183,41fe57eedde9120aa6a906e899c6e7aef9c55cbfda7000aaa48b0f041c629323,pausa,0.0,False,0.0,0.0,0.0,0.0,0.864974,0.261962,0.6,1,0.591076,play,0.7000000000000001,1200.0,0,0.864974,0.0
184,76849d9c9767d1941f66a158f8f92e0d4a0db8ddbfc077a340ebfa6f813b7285,pausa,0.0,False,0.0,0.0,0.0,0.0,0.612602,0.089208,0.6,2,0.413063,play,0.7000000000000001,1200.0,0,0.612602,0.0
185,9968a6914f1ac3f7bd3bd86a3e22037806fa24e771224d0c68a2a68a4485e333,pausa,0.0,False,0.0,0.0,0.0,0.0,0.455486,0.076308,0.8,1,0.290635,pausa,0.7000000000000001,1200.0,0,0.455486,0.0
186,9b7531747f2c67fbcc42c2558a2ebb37d25caa210b32e831b4f76e9f479619bc,pausa,0.0,False,0.0,0.0,0.0,0.0,0.455486,0.191898,0.8,1,0.325312,pausa,0.7000000000000001,1200.0,0,0.455486,0.0
187,8700e20ad910014504582e0b3b5a6849d0168a2460723b274b962ea9da84eb51,pausa,0.0,False,0.0,0.0,0.0,0.0,0.96023,1.0,0.4,2,0.900115,play,0.7000000000000001,1200.0,0,0.96023,0.0
188,a688f5425c26a6fb4e7ba1a5e2c7883626070f0ffb2467f46386957a3221ac6e,pausa,0.0,False,0.0,0.0,0.0,0.0,0.612602,0.079472,0.6,2,0.410142,stop,0.7000000000000001,1200.0,0,0.612602,0.0
189,2eed7068a10aad6f74b05cf3756cfaf4e15176358853d177acdcf40b1094af08,pausa,0.335667,True,0.6,0.0,0.08,0.06,-0.0,0.0,1.0,1,0.0,stop,0.7000000000000001,1200.0,0,-0.0,0.0
190,9012cc4085bbe5c5cb4e7dd5688878dc303be06e233dfaece8235b7af022b90b,pausa,0.0,False,0.0,0.0,0.0,0.0,0.864974,0.030474,0.6,1,0.521629,pausa,0.7000000000000001,1200.0,0,0.864974,0.0
191,ebca99b4e45a0ec70fb730bacafcd10031e6517b9b89ff021bb4b7a9cb19766a,pausa,0.0,False,0.0,0.0,0.0,0.0,0.864974,0.294498,0.6,1,0.600836,play,0.7000000000000001,1200.0,0,0.864974,0.0
192,76d0e4b44fbd50287c58f93991cf22c8bf75ffacc641c4917e488eb6ac6dfabd,stop,0.335667,True,0.6,0.0,0.08,0.06,-0.0,0.082624,1.0,1,0.024787,stop,0.7000000000000001,1200.0,0,-0.0,0.0
193,fb3a020fc6d534aabdeee9bef42129e9355eeee66f2ab3a180749cc58701807b,pausa,0.15,True,0.5,0.0,0.0,0.0,0.612602,0.359173,0.6,2,0.494053,pausa,0.7000000000000001,1200.0,0,0.612602,0.0
194,b601d8fb65cb053920c3e134f3de149011a59f15a966f639435603c8343f378e,pausa,0.0,False,0.0,0.0,0.0,0.0,0.455486,0.079201,0.8,1,0.291503,pausa,0.7000000000000001,1200.0,0,0.455486,0.0
195,c6a735cb809dcd4a6462dada289ed44ea04fd984e9df1c81e2bd5e812ea66e7b,pausa,0.0,False,0.0,0.0,0.0,0.0,0.96023,1.0,0.4,2,0.900115,play,0.7000000000000001,1200.0,0,0.96023,0.0
196,abb1771a66f85cc3ff7e68deef6abf96b0f6427f5e1569aee4893103af8c3982,pausa,0.0,False,0.0,0.0,0.0,0.0,0.96023,0.156625,0.4,2,0.647102,pausa,0.7000000000000001,1200.0,0,0.96023,0.0
197,b2c5114ea9bc86274267f1a83162701b9b40041ec12d1de78a6102ffee1e4385,pausa,0.0,False,0.0,0.0,0.0,0.0,0.96023,0.128486,0.4,2,0.638661,play,0.7000000000000001,1200.0,0,0.96023,0.0
198,178909a6e146ce938cc961b05c4f3c086d0bcb06a4f623f50055a63612e033ed,pausa,0.0,False,0.0,0.0,0.0,0.0,0.96023,0.283466,0.4,2,0.685155,play,0.7000000000000001,1200.0,0,0.96023,0.0
199,1492a1c6d9ebbb5a8bb95fbddcf09058742d99b815fb45a029b53f94e71da7f1,pausa,0.0,False,0.0,0.0,0.0,0.0,0.864974,0.045136,0.6,1,0.526027,stop,0.7000000000000001,1200.0,0,0.864974,0.0
200,34bf9c326c08790688d89b36b496c52e9339e2bf82e06f94bca42edb9f37ae6c,pausa,0.15,True,0.5,0.0,0.0,0.0,0.612602,0.082643,0.6,2,0.411094,pausa,0.7000000000000001,1200.0,0,0.612602,0.0
201,163672df4d2fa4877375bdc995c1ba48cd548386d7f1f5b5b548e9f9b8a12adf,pausa,0.0,False,0.0,0.0,0.0,0.0,0.612602,0.032045,0.6,2,0.395914,pausa,0.7000000000000001,1200.0,0,0.612602,0.0
202,5c5048ab5587f8768830e1eca315febbbd176879c918bbcddbf0eba721f2bf69,pausa,0.0,False,0.0,0.0,0.0,0.0,0.864974,0.035952,0.6,1,0.523272,pausa,0.7000000000000001,1200.0,0,0.864974,0.0
203,3c6b31bdf010c00c54723e08aa5f6e5ed6a8c30f471c0f7e0354cd8794335344,pausa,0.0,False,0.0,0.0,0.0,0.0,0.612602,0.0,0.6,2,0.386301,pausa,0.7000000000000001,1200.0,0,0.612602,0.0
204,b5ecac7b34a1a1075fe4874535254b206ad5512c7e279ba108a436d6634830d7,pausa,0.0,False,0.0,0.0,0.0,0.0,0.864974,0.14112,0.6,1,0.554823,pausa,0.7000000000000001,1200.0,0,0.864974,0.0
205,7e59aec32a35cb63d6c4c6ac35fdf87a7b19315c9f0b3b56afa8f55ede8d6e3f,pausa,0.0,False,0.0,0.0,0.0,0.0,0.96023,0.11234,0.4,2,0.633817,play,0.7000000000000001,1200.0,0,0.96023,0.0
206,5038fd3290cc7bbec4ac4640a70d2200097d887006ce6f7b0dd9c9fa8f325a33,pausa,0.0,False,0.0,0.0,0.0,0.0,0.96023,0.139656,0.4,2,0.642012,pausa,0.7000000000000001,1200.0,0,0.96023,0.0
207,a36c562436028006f3f931abe4f20ab448cee1f5412d8b352f01041869382ba3,play,0.0,False,0.0,0.0,0.0,0.0,0.455486,0.063128,0.8,1,0.286681,pausa,0.7000000000000001,1200.0,0,0.455486,0.0
208,69860f3fb6b44a1afff5e38d13fc7f909ab7ddb029e22c2d94690eeba903f45e,pausa,0.0,False,0.0,0.0,0.0,0.0,0.455486,0.199196,0.8,1,0.327502,play,0.7000000000000001,1200.0,0,0.455486,0.0
209,317cebcc884449e17b6cbb2b7a92a38d1a6f8e9a7eb88f41c5ed6563e623e066,pausa,0.0,False,0.0,0.0,0.0,0.0,0.612602,0.097324,0.6,2,0.415498,pausa,0.7000000000000001,1200.0,0,0.612602,0.0
210,62598dd1638dae3538b77df625d966210f0576f2e5ed200a1086a93e80826c84,pausa,0.06,False,0.0,0.0,0.0,0.0,0.864974,0.205445,0.6,1,0.57412,pausa,0.7000000000000001,1200.0,0,0.864974,0.0
211,fbf5a9d86b0435c0c2720a64c4a39c6ffe665671daab502e1ff5e0ce25531a82,pausa,0.0,False,0.0,0.0,0.0,0.0,0.612602,0.0,0.6,2,0.386301,play,0.7000000000000001,1200.0,0,0.612602,0.0
212,9d02dca510ffeb3d4449b4a25a6edc34677af32d2afa161a177b8343fb47b3a9,pausa,0.0,False,0.0,0.0,0.0,0.0,0.455486,0.015413,0.8,1,0.272367,pausa,0.7000000000000001,1200.0,0,0.455486,0.0
213,1adf80ca43d917e520f8a1fb9b09fa256608e2731ac706a91707ca17183eb29e,pausa,0.0,False,0.0,0.0,0.0,0.0,0.612602,0.102089,0.6,2,0.416927,play,0.7000000000000001,1200.0,0,0.612602,0.0
214,32ea74afd7376a08a8d3c28bdcff46d75bc65f13678357a44dfa7da0e4f53d52,pausa,0.0,False,0.0,0.0,0.0,0.0,0.612602,0.074747,0.6,2,0.408725,pausa,0.7000000000000001,1200.0,0,0.612602,0.0
215,aa24c2d21c50879261603984bad34075069af1bddd56d6a3c972090b21aa0cad,pausa,0.0,False,0.0,0.0,0.0,0.0,0.612602,0.086165,0.6,2,0.41215,play,0.7000000000000001,1200.0,0,0.612602,0.0
216,c0909f841bfaad4ea32046ac1724f8e55e7d0ec64fd45ff3adcf2c768587e235,pausa,0.0,False,0.0,0.0,0.0,0.0,0.612602,0.0,0.6,2,0.386301,pausa,0.7000000000000001,1200.0,0,0.612602,0.0
217,a5c879ec847c506f32b1ff41f9c96912c4a103eecbac90ebfe037d699f39ae85,pausa,0.0,False,0.0,0.0,0.0,0.0,0.455486,0.180834,0.8,1,0.321993,play,0.7000000000000001,1200.0,0,0.455486,0.0
218,db94c8cb0da8432d50068e2907d000ebcc7e85c68138f9fd33e005b85f9585e4,stop,0.15,True,0.5,0.0,0.0,0.0,0.455486,0.125483,0.8,1,0.305388,pausa,0.7000000000000001,1200.0,0,0.455486,0.0
219,3c23a88240788a6cab4951b597076c7fdd83ceaa56001b9d942ad031cd6c4a5f,pausa,0.0,False,0.0,0.0,0.0,0.0,0.96023,0.261016,0.4,2,0.67842,play,0.7000000000000001,1200.0,0,0.96023,0.0
220,2749d02a325d97d7e43895648a5e3d79988c2dfa9d9efaca457a2786b8a5961f,pausa,0.0,False,0.0,0.0,0.0,0.0,0.864974,0.228076,0.6,1,0.58091,pausa,0.7000000000000001,1200.0,0,0.864974,0.0
221,9eba628a492d271f995c3d31403c70e0b298999f263351de038291a6d5b1eec9,pausa,0.0,False,0.0,0.0,0.0,0.0,0.455486,0.140185,0.8,1,0.309798,stop,0.7000000000000001,1200.0,0,0.455486,0.0
222,3b7d81340ef1129a03dbc67ac3c1154316c76f42a4db80dc178d62bec445c4e2,pausa,0.0,False,0.0,0.0,0.0,0.0,0.612602,0.24189,0.6,2,0.458868,play,0.7000000000000001,1200.0,0,0.612602,0.0
223,709f485136a3c2d639a52a4eb7edd89ee9906fffd5125d1d9a7d5a8015a2b268,pausa,0.0,False,0.0,0.0,0.0,0.0,0.96023,1.0,0.4,2,0.900115,play,0.7000000000000001,1200.0,0,0.96023,0.0
224,5dbdd2c0f3388cc9f26c75b54f5681bb4af1e75a29a18496690cf55676fc9525,pausa,0.0,False,0.0,0.0,0.0,0.0,0.612602,0.165402,0.6,2,0.435921,play,0.7000000000000001,1200.0,0,0.612602,0.0
225,f36788ba330b5f5c4348ec156410d33a95bd7c1134fbbb8bcdc83565bca70872,pausa,0.0,False,0.0,0.0,0.0,0.0,0.96023,1.0,0.4,2,0.900115,play,0.7000000000000001,1200.0,0,0.96023,0.0
226,0a0b6f265ce5869906b5f59658f63bcea9b192f8a1793acedb58ab9687f20550,pausa,0.0,False,0.0,0.0,0.0,0.0,0.864974,0.056496,0.6,1,0.529436,play,0.7000000000000001,1200.0,0,0.864974,0.0
227,26939377f44c2fb2a579c2cc5dfbcaa5ce7a8345bbe62ee1e2a4dfc788557f78,stop,0.0,False,0.0,0.0,0.0,0.0,0.612602,0.309787,0.6,2,0.479237,play,0.7000000000000001,1200.0,0,0.612602,0.0
228,47348fccc8c9f3a3bdc291169e76b60a897a5738755b31d0f5baeb00718582aa,play,0.0,False,0.0,0.0,0.0,0.0,0.455486,0.070584,0.8,1,0.288918,pausa,0.7000000000000001,1200.0,0,0.455486,0.0
229,3bc12ea5911c6a743716737c8a0abf288318cec5f6b29e5abcea106c118e6706,pausa,0.15,True,0.5,0.0,0.0,0.0,0.612602,0.062421,0.6,2,0.405027,pausa,0.7000000000000001,1200.0,0,0.612602,0.0
230,6be69a87b0c5f9cecd390be5b62a0cec4b40021c0ae2ab58a07977d9a5017d48,pausa,0.0,False,0.0,0.0,0.0,0.0,0.96023,0.117041,0.4,2,0.635227,play,0.7000000000000001,1200.0,0,0.96023,0.0
231,7e11540737728acbea5b84a73f16a4c66c4efe23741eac10298d0a84cfb4a496,pausa,0.0,False,0.0,0.0,0.0,0.0,0.612602,0.04883,0.6,2,0.40095,pausa,0.7000000000000001,1200.0,0,0.612602,0.0
232,4bede0fd5174db17d4c031c2bd0bbc7f7356ae49f102bb5735ddde7c7764bb3a,pausa,0.0,False,0.0,0.0,0.0,0.0,0.612602,0.021501,0.6,2,0.392751,pausa,0.7000000000000001,1200.0,0,0.612602,0.0
233,89cff7709759a822034aacfd8ade8ac793e08839a7950333dde1677ec467b74d,pausa,0.0,False,0.0,0.0,0.0,0.0,0.612602,0.250324,0.6,2,0.461398,play,0.7000000000000001,1200.0,0,0.612602,0.0
234,fa36705054f35377b5d814b60f42efb1fe5afeb6e8545b54a9af290b5ff077b9,pausa,0.335667,True,0.6,0.0,0.08,0.06,0.612602,0.070383,0.6,2,0.407416,pausa,0.7000000000000001,1200.0,0,0.612602,0.0
235,5cee507710ed7385b23c794f5724e7c1e465cee5da5d65a2b6c26bf89ccafc94,pausa,0.0,False,0.0,0.0,0.0,0.0,0.864974,0.280566,0.6,1,0.596657,pausa,0.7000000000000001,1200.0,0,0.864974,0.0
236,661428a0e32b9c3b03394b2e5aa0a8578ff858a3d8b762883455a037c736e59a,pausa,0.0,False,0.0,0.0,0.0,0.0,0.864974,0.0,0.6,1,0.512487,pausa,0.7000000000000001,1200.0,0,0.864974,0.0
237,45e714a6a93822e75a4a2c6319e0b9c04c64a3f74b7813a0cdc380f6cdecbecf,pausa,0.0,False,0.0,0.0,0.0,0.0,0.864974,0.052809,0.6,1,0.52833,pausa,0.7000000000000001,1200.0,0,0.864974,0.0
238,4ead21be24c0811e2bb544f80a0366f6af26e4e5c4e5054bc27f32900886a18d,stop,0.0,False,0.0,0.0,0.0,0.0,0.612602,0.045281,0.6,2,0.399885,pausa,0.7000000000000001,1200.0,0,0.612602,0.0
239,0c35e6155a94c3d5bf9e62638a946d11b9599b28ed46067c7826a078862288e9,pausa,0.0,False,0.0,0.0,0.0,0.0,0.612602,0.133499,0.6,2,0.426351,play,0.7000000000000001,1200.0,0,0.612602,0.0
240,027475ed0871a18a075d18b5f99065c37e4516995e4ffac36308908de84d13c3,stop,0.0,False,0.0,0.0,0.0,0.0,-0.0,-0.0,1.0,1,-0.0,stop,0.7000000000000001,1200.0,0,-0.0,0.0
241,e967ad2d270819c0e2c846cc9f3569e5532e6e4e688b3c9a34cae24d32cd2027,pausa,0.06,False,0.0,0.0,0.0,0.0,0.96023,0.116002,0.4,2,0.634915,pausa,0.7000000000000001,1200.0,0,0.96023,0.0
242,e205d491b339d65017db2aaabec3f8940e51b9eaccd10ae9920671a613170283,pausa,0.0,False,0.0,0.0,0.0,0.0,0.612602,0.074421,0.6,2,0.408627,stop,0.7000000000000001,1200.0,0,0.612602,0.0
243,c168a72c7fb2c6afa00f79341d7a6451743c6483370693b2213e870d8c8d7a20,pausa,0.0,False,0.0,0.0,0.0,0.0,0.864974,0.096464,0.6,1,0.541426,pausa,0.7000000000000001,1200.0,0,0.864974,0.0
244,16dfba87efb823f8f11ad5f43976c71aea6340474908838cd367522d0d3c9ce3,pausa,0.0,False,0.0,0.0,0.0,0.0,-0.0,0.029192,1.0,1,0.008758,stop,0.7000000000000001,1200.0,0,-0.0,0.0
245,eb104173ae9d4c4d8afaf7f3cd0616a9b3c1f5a2c0484d042a7b129561bffbb7,pausa,0.0,False,0.0,0.0,0.0,0.0,0.864974,0.19788,0.6,1,0.571851,pausa,0.7000000000000001,1200.0,0,0.864974,0.0
246,960cb1531376846cc63bf081b850a483e5f0581fcdbc511555f965fdbe4f1eac,stop,0.0,False,0.0,0.0,0.0,0.0,0.455486,0.022351,0.8,1,0.274448,stop,0.7000000000000001,1200.0,0,0.455486,0.0
247,13af74b742af8ea491bd07c2e9ee5a44ff189a7396b9dcd126a12b7d19336e3d,pausa,0.0,False,0.0,0.0,0.0,0.0,0.96023,1.0,0.4,2,0.900115,play,0.7000000000000001,1200.0,0,0.96023,0.0
248,90744435f823e50d2db65ec8b33d63fe5eb366d4337432eeb6b7efe3e0020680,pausa,0.0,False,0.0,0.0,0.0,0.0,0.96023,0.069565,0.4,2,0.620984,pausa,0.7000000000000001,1200.0,0,0.96023,0.0
249,db3fe3943a3dec13fdb47d1471be249416facc819b20dac2ceea50f000def945,pausa,0.0,False,0.0,0.0,0.0,0.0,0.455486,0.026451,0.8,1,0.275678,play,0.7000000000000001,1200.0,0,0.455486,0.0
250,c88778947036a97a1c73ea1e1e922eb12dc4d7fafd136a6fe1197a395fbb8fef,pausa,0.0,False,0.0,0.0,0.0,0.0,0.864974,0.165552,0.6,1,0.562152,stop,0.7000000000000001,1200.0,0,0.864974,0.0
251,4f9965b647d1d7ebccb5fa2d13f2e0bf0d6342824c9a8a0f834ff431720f8902,pausa,0.0,False,0.0,0.0,0.0,0.0,0.96023,0.177896,0.4,2,0.653484,play,0.7000000000000001,1200.0,0,0.96023,0.0
252,05f850e30f1066f18ad2eab938130bc37957ef93ab3ddf0a7ca9e9236152f1af,pausa,0.06,False,0.0,0.0,0.0,0.0,0.864974,0.326472,0.6,1,0.610428,pausa,0.7000000000000001,1200.0,0,0.864974,0.0
253,c29eddb642fdcba47c13423f2051ed6de17a6d9a18364a2d29bc3f5f49ccf449,pausa,0.06,False,0.0,0.0,0.0,0.0,0.864974,0.206341,0.6,1,0.574389,play,0.7000000000000001,1200.0,0,0.864974,0.0
254,4e5dc4208fe47f7a2213040fdb46a4732f627bf39e6a76b848acf931b9820f69,pausa,0.0,False,0.0,0.0,0.0,0.0,0.864974,0.104197,0.6,1,0.543746,pausa,0.7000000000000001,1200.0,0,0.864974,0.0
255,620acff0875b40b9d76f409a852793c22b8aed4feb47ae4026b6544c1b22d7eb,pausa,0.0,False,0.0,0.0,0.0,0.0,0.96023,1.0,0.4,2,0.900115,play,0.7000000000000001,1200.0,0,0.96023,0.0
256,0c44744efe7b3c3c787df86563459ccc7a132f0f0d789068f9da2013bf908ab8,pausa,0.06,False,0.0,0.0,0.0,0.0,0.455486,0.13645,0.8,1,0.308678,pausa,0.7000000000000001,1200.0,0,0.455486,0.0
257,e63de7c84d899d7e9bc6b11b04d2684d3b78a3dbe7ed8b6e726eca9502af6d8a,pausa,0.0,False,0.0,0.0,0.0,0.0,0.96023,1.0,0.4,2,0.900115,play,0.7000000000000001,1200.0,0,0.96023,0.0
258,fc6f3eb84acc8ab293adaf6475b7f1971365aac268beb00a94aca6d63f940cbb,pausa,0.0,False,0.0,0.0,0.0,0.0,0.612602,0.045537,0.6,2,0.399962,pausa,0.7000000000000001,1200.0,0,0.612602,0.0
259,38545f172463cdda694285488d0eff85e7cfe5e8bd8f7d2e87fb301256a545ed,pausa,0.0,False,0.0,0.0,0.0,0.0,0.612602,-0.0,0.6,2,0.386301,play,0.7000000000000001,1200.0,0,0.612602,0.0
260,b37ef8bb9e8aea6389ebaec8eadb1544c3a2977e45d98eb07a7f3d2ba0684fde,pausa,0.0,False,0.0,0.0,0.0,0.0,0.455486,0.058895,0.8,1,0.285411,pausa,0.7000000000000001,1200.0,0,0.455486,0.0
261,546b2c4ca8544cf936d71095f3e4a089a278f8b8d921c7a4dc72201f0c7d5c39,play,0.0,False,0.0,0.0,0.0,0.0,0.612602,0.142224,0.6,2,0.428968,play,0.7000000000000001,1200.0,0,0.612602,0.0
262,3b4ef53480bc78649b57d8895e021c0bf9906ac44b562096a73962bcac1be380,pausa,0.0,False,0.0,0.0,0.0,0.0,0.96023,0.104016,0.4,2,0.63132,play,0.7000000000000001,1200.0,0,0.96023,0.0
263,23b57056a9b1330b0ec513dfb71d60ad1a0dfa97b295da6b87e09526acd9916d,pausa,0.0,False,0.0,0.0,0.0,0.0,0.864974,0.177924,0.6,1,0.565864,play,0.7000000000000001,1200.0,0,0.864974,0.0
264,b2875ffbadb0fc2578b7e04e4051d533645a5b01b7b4c602f5ebaac7f088e0cd,pausa,0.0,False,0.0,0.0,0.0,0.0,0.96023,1.0,0.4,2,0.900115,play,0.7000000000000001,1200.0,0,0.96023,0.0
265,77db23f76871567d3c22e8ab8a22ddf677ed315b17381db16a6b55aed4dd4357,pausa,0.0,False,0.0,0.0,0.0,0.0,0.864974,0.021201,0.6,1,0.518847,stop,0.7000000000000001,1200.0,0,0.864974,0.0
266,aba8b9553c4c3d26f8eeb932b64911860c27836bcc1d63bff3c739a6b03c0577,pausa,0.0,False,0.0,0.0,0.0,0.0,0.455486,0.024965,0.8,1,0.275232,pausa,0.7000000000000001,1200.0,0,0.455486,0.0
267,ff123f925c04598f28748e249e8a4e2ea2ed3bf9aae1713420f312e4945afd38,pausa,0.0,False,0.0,0.0,0.0,0.0,0.612602,0.183799,0.6,2,0.441441,play,0.7000000000000001,1200.0,0,0.612602,0.0
268,109a5fcbb0e30f20469eca0ca453fab9c458da30625b8d3317b38c68cdb18f0e,pausa,0.185667,True,0.1,0.0,0.08,0.06,0.96023,1.0,0.4,2,0.900115,play,0.7000000000000001,1200.0,0,0.96023,0.0
269,e2ba3ad14369f2083a8e8f6b45d0b0b0eeb423ae480e817785a0266dec250c50,pausa,0.0,True,0.0,0.0,0.0,0.0,-0.0,0.158096,1.0,1,0.047429,play,0.7000000000000001,1200.0,0,-0.0,0.0
270,941e279fe4cb0c7de6c267e37ad5bcefb45c1bcdfed08b2d85cd0983aae3395b,pausa,0.0,False,0.0,0.0,0.0,0.0,0.96023,0.050994,0.4,2,0.615413,pausa,0.7000000000000001,1200.0,0,0.96023,0.0
271,e466aa34f1fee6eddc198b8a436fb8480574d59c4ce6904298c64521232a09cb,pausa,0.0,False,0.0,0.0,0.0,0.0,0.864974,0.161418,0.6,1,0.560912,pausa,0.7000000000000001,1200.0,0,0.864974,0.0
272,b468c58dbed16c644ba539e8604d11bc57da77e09be6de6a0aca5808812a86e6,pausa,0.0,False,0.0,0.0,0.0,0.0,0.612602,0.076876,0.6,2,0.409364,pausa,0.7000000000000001,1200.0,0,0.612602,0.0
273,3a5b76b5f89d3df7310a91029d6741c0201f3f0754e5c0c7a8c87963ff1de341,pausa,0.075,False,0.0,0.5,0.0,0.0,0.612602,0.027111,0.6,2,0.394434,pausa,0.7000000000000001,1200.0,0,0.612602,0.0
274,f3274d640645681a4226c5153fde08204ae66e72bcb8622ec46507487cc8b69b,pausa,0.0,False,0.0,0.0,0.0,0.0,0.612602,0.051422,0.6,2,0.401727,play,0.7000000000000001,1200.0,0,0.612602,0.0
275,038bb95919de3dccda33302cd38a983ce2aa572d746cc989aecf39f4206a2f2d,pausa,0.0,False,0.0,0.0,0.0,0.0,0.612602,0.0,0.6,2,0.386301,pausa,0.7000000000000001,1200.0,0,0.612602,0.0
276,c126d2062e11518be639c124996082ff764f0824cad85f9d4892a194440a42b0,pausa,0.0,False,0.0,0.0,0.0,0.0,0.455486,0.153669,0.8,1,0.313844,play,0.7000000000000001,1200.0,0,0.455486,0.0
277,3afc3a413c9720c7de37e0ff5a7b2fb359405fbf9c7eb2eca038aa6d3daa06fb,pausa,0.0,False,0.0,0.0,0.0,0.0,0.455486,0.0,0.8,1,0.267743,play,0.7000000000000001,1200.0,0,0.455486,0.0
278,6f1a18deb9ce3ac28137edb6c81543a4e5552083c0e3066cdc756edc570e0344,pausa,0.0,False,0.0,0.0,0.0,0.0,0.612602,0.212135,0.6,2,0.449941,pausa,0.7000000000000001,1200.0,0,0.612602,0.0
279,81529d75c7a7dd1cd30819d510bc6c52324ab89a5e9e68e330ef65c34f93ea75,pausa,0.0,False,0.0,0.0,0.0,0.0,0.455486,0.171535,0.8,1,0.319203,pausa,0.7000000000000001,1200.0,0,0.455486,0.0
280,81e795179cad1652ea0ad25ddbe3fbbfebb31e52cc9ac230c554e9d6c36ffda2,play,0.0,False,0.0,0.0,0.0,0.0,0.612602,0.212773,0.6,2,0.450133,pausa,0.7000000000000001,1200.0,0,0.612602,0.0
281,e6b1729aa2032bb78d6426b01a461a55d8fa894b88ee99221e69c3cdc33f6e00,pausa,0.0,False,0.0,0.0,0.0,0.0,0.612602,0.0,0.6,2,0.386301,play,0.7000000000000001,1200.0,0,0.612602,0.0
282,3df60837c60dbc6e22da783114380d72ee85da08796eb6d79b3bf178cdc788df,pausa,0.0,False,0.0,0.0,0.0,0.0,0.612602,0.0,0.6,2,0.386301,pausa,0.7000000000000001,1200.0,0,0.612602,0.0
283,e5883cae55dca1667c754deeeab4e601e9d5e5866615870cfff3f6865450de08,pausa,0.0,False,0.0,0.0,0.0,0.0,0.96023,0.20053,0.4,2,0.660274,play,0.7000000000000001,1200.0,0,0.96023,0.0
284,0e5a9c08c96c71709860e63684aa03e12451804f060bb8fda8bd8e9a35460784,pausa,0.0,False,0.0,0.0,0.0,0.0,0.612602,0.156962,0.6,2,0.433389,play,0.7000000000000001,1200.0,0,0.612602,0.0
285,e202aa05894906653558aaff19fed832680d8cb17da7bc7fab9f91ba927df487,pausa,0.06,False,0.0,0.0,0.0,0.0,-0.0,0.148265,1.0,1,0.044479,stop,0.7000000000000001,1200.0,0,-0.0,0.0
286,fc7733c85e559840d64911d4ddebd3fe9581a18d23c89983adb1dcc2a43542aa,pausa,0.0,False,0.0,0.0,0.0,0.0,0.612602,0.102332,0.6,2,0.417001,pausa,0.7000000000000001,1200.0,0,0.612602,0.0
287,302c1f85595999acd2480bd651e164d6a4c63299b439cf03cb0b46ec8385a7f0,pausa,0.0,False,0.0,0.0,0.0,0.0,0.96023,0.251531,0.4,2,0.675574,play,0.7000000000000001,1200.0,0,0.96023,0.0
288,ddaef04dec17d497ff6af063502f72a48207a4afc02a410fe39cfb4e0a678cc3,pausa,0.0,False,0.0,0.0,0.0,0.0,0.864974,0.116658,0.6,1,0.547484,pausa,0.7000000000000001,1200.0,0,0.864974,0.0
289,07b966ef42125793850653859d88dcf5a11402bc8d7f124c7c24dca84ff42085,pausa,0.0,False,0.0,0.0,0.0,0.0,0.612602,0.024495,0.6,2,0.393649,play,0.7000000000000001,1200.0,0,0.612602,0.0
290,5bad99cd584287859c765954cd2ddee3bc20a41e73a5b82edc32b34979582bf8,pausa,0.0,False,0.0,0.0,0.0,0.0,0.612602,0.080382,0.6,2,0.410415,pausa,0.7000000000000001,1200.0,0,0.612602,0.0
291,8fe033e6f5162e63a4c15187bfbb9a2e269aaaef50861f774e881caf24a4aba2,pausa,0.0,False,0.0,0.0,0.0,0.0,0.612602,0.16341,0.6,2,0.435324,play,0.7000000000000001,1200.0,0,0.612602,0.0
292,08a8753bf7eff533adaaafef1ac4381b76821561583fc47a7575b1745d248b06,pausa,0.0,False,0.0,0.0,0.0,0.0,0.455486,0.0,0.8,1,0.267743,play,0.7000000000000001,1200.0,0,0.455486,0.0
293,ee7f2eda665d9e63a2e8d15c8dd30c82123e1fd21937ac6817c8262c49415a7e,pausa,0.0,False,0.0,0.0,0.0,0.0,0.864974,0.17036,0.6,1,0.563595,play,0.7000000000000001,1200.0,0,0.864974,0.0
294,0a6a27d95d8631292f8c0291dd2e7fda440ab4b6980cc8d3d7208d521ce2238b,pausa,0.335667,True,0.6,0.0,0.08,0.06,-0.0,0.057555,1.0,1,0.017267,stop,0.7000000000000001,1200.0,0,-0.0,0.0
295,9954363959fe20196d514c4871085a2f5e805d6a7ca589105f7c6faf5e9224b4,pausa,0.0,False,0.0,0.0,0.0,0.0,0.864974,0.068681,0.6,1,0.533091,pausa,0.7000000000000001,1200.0,0,0.864974,0.0
296,299cc207ad60dd38ae6a66b3308766f6bb86d35f6711e617c6e39704a1cc6093,pausa,0.0,False,0.0,0.0,0.0,0.0,0.864974,0.133428,0.6,1,0.552515,pausa,0.7000000000000001,1200.0,0,0.864974,0.0
297,0eb588ffa92d8390744885e32f8c9b737562f378f6eada53b4cefe480a398faa,pausa,0.0,False,0.0,0.0,0.0,0.0,0.96023,0.0,0.4,2,0.600115,stop,0.7000000000000001,1200.0,0,0.96023,0.0
298,6b2d268cb45906267168f1de88541cb12e32bbafdc60f633d071953c5b067fe2,pausa,0.0,False,0.0,0.0,0.0,0.0,0.612602,0.285314,0.6,2,0.471895,pausa,0.7000000000000001,1200.0,0,0.612602,0.0
299,16d21074d7444a05bc48046246315c7d35ef0410dffd78d79893e4e8ef4459a2,pausa,0.0,False,0.0,0.0,0.0,0.0,0.96023,0.162971,0.4,2,0.649006,play,0.7000000000000001,1200.0,0,0.96023,0.0
300,ac9e40e3f8528fa8a1638d28b4aa6f0e870fa3c4e0f1814e27be8debdd348958,pausa,0.0,False,0.0,0.0,0.0,0.0,0.455486,0.025086,0.8,1,0.275269,stop,0.7000000000000001,1200.0,0,0.455486,0.0
301,50d2ef31ae8ef096f1e6ba4228819bdfdaa59f46fba7ea36c9b8f87a93995d9c,pausa,0.335667,True,0.6,0.0,0.08,0.06,-0.0,-0.0,1.0,1,-0.0,stop,0.7000000000000001,1200.0,0,-0.0,0.0
302,2dd6f3d3960624ee67a2fe9ae4a8b477669609690ad54a1f33f75b9d24fe544c,stop,0.335667,True,0.6,0.0,0.08,0.06,-0.0,0.060279,1.0,1,0.018084,stop,0.7000000000000001,1200.0,0,-0.0,0.0
303,264a00501b6fd99a06f166f64a776d13f93339f26d242050592fbd4cfc2e56e8,pausa,0.0,False,0.0,0.0,0.0,0.0,0.96023,0.142663,0.4,2,0.642914,pausa,0.7000000000000001,1200.0,0,0.96023,0.0
304,527906d9b3faa51f4dbddc0f0edf56ecd8060a0130fec27fd1ae36b31018fe83,pausa,0.0,False,0.0,0.0,0.0,0.0,0.612602,0.152485,0.6,2,0.432046,play,0.7000000000000001,1200.0,0,0.612602,0.0
305,786c1dd04bcd435ff7f95195a5f075662a45dfd80a465d988e7b86ebd4871a59,pausa,0.0,False,0.0,0.0,0.0,0.0,0.96023,0.139656,0.4,2,0.642012,pausa,0.7000000000000001,1200.0,0,0.96023,0.0
306,af4f5c14edaf2e8b4341ba31b4aa0b79c7cec24729dc58f4352fd2a24fb27eaa,pausa,0.0,False,0.0,0.0,0.0,0.0,0.455486,0.004905,0.8,1,0.269214,pausa,0.7000000000000001,1200.0,0,0.455486,0.0
307,3ae13c8d66431f7560b91e241af8bcbb09b1d857ddc59b033463ef4c47b92a6f,play,0.0,False,0.0,0.0,0.0,0.0,-0.0,0.213528,1.0,1,0.064058,play,0.7000000000000001,1200.0,0,-0.0,0.0
308,240a6bce342f9e7762e661ec1dec0caac20b353782f99c55924417e64100cff4,pausa,0.0,False,0.0,0.0,0.0,0.0,0.864974,0.0,0.6,1,0.512487,pausa,0.7000000000000001,1200.0,0,0.864974,0.0
309,e12e6134c44d2a38c0aa9dd00ebcd3dcbc0d76546e4aa13007122c3c50e95dd6,pausa,0.0,False,0.0,0.0,0.0,0.0,0.455486,0.087727,0.8,1,0.294061,play,0.7000000000000001,1200.0,0,0.455486,0.0
310,781aba4f60bc9014674505b3ee859a338f601c7a2b9e80e68d7d949c7cd8bea6,play,0.0,False,0.0,0.0,0.0,0.0,0.612602,0.082781,0.6,2,0.411135,pausa,0.7000000000000001,1200.0,0,0.612602,0.0
311,50df4849e1e5107a65cb526815710b964adfed4e1988b57c3c221413be0d2234,pausa,0.0,False,0.0,0.0,0.0,0.0,0.96023,0.0,0.4,2,0.600115,pausa,0.7000000000000001,1200.0,0,0.96023,0.0
312,3a766e99381441db9b764479b45571b4bb2f7ea0e41a697e6accbcaf4c851fd1,pausa,0.0,False,0.0,0.0,0.0,0.0,0.455486,0.0578,0.8,1,0.285083,play,0.7000000000000001,1200.0,0,0.455486,0.0
313,82a6b4eaafe5af9acd4814932fa159a69237e3633487b95590b95c6671f5d663,pausa,0.0,False,0.0,0.0,0.0,0.0,0.96023,0.023103,0.4,2,0.607046,play,0.7000000000000001,1200.0,0,0.96023,0.0
314,44ce8b782174a468aa471d06b51bb867f9fb807fa47ee6fbd553995d22eef08c,pausa,0.0,False,0.0,0.0,0.0,0.0,0.96023,1.0,0.4,2,0.900115,play,0.7000000000000001,1200.0,0,0.96023,0.0
315,ee7142a3feae2c5b4d1c6ed1dfc0828005092b7ae7d75e288bec088b9cfd4add,pausa,0.0,False,0.0,0.0,0.0,0.0,0.455486,0.186173,0.8,1,0.323595,play,0.7000000000000001,1200.0,0,0.455486,0.0
316,eb14f5514805a51eacb0af12e690c6625e796a5a74c268dddf3767ad4945be36,pausa,0.0,False,0.0,0.0,0.0,0.0,-0.0,0.210123,1.0,1,0.063037,play,0.7000000000000001,1200.0,0,-0.0,0.0
317,5950aeefbcd88f2c08bda690437e3b9d19b8916a81b589219c714026f77217b6,pausa,0.15,True,0.5,0.0,0.0,0.0,0.864974,0.4141,0.6,1,0.636717,play,0.7000000000000001,1200.0,0,0.864974,0.0
318,2f3a2a2621f1a0a890f23798ea1a827297c40083b74d5ea4f05e08a65a85043e,pausa,0.0,False,0.0,0.0,0.0,0.0,0.864974,0.0,0.6,1,0.512487,play,0.7000000000000001,1200.0,0,0.864974,0.0
319,27c98ec4585ce1d5b545a4839e354dfc61318d5a588bba20aa7607fe2c0e7fb2,pausa,0.0,False,0.0,0.0,0.0,0.0,0.455486,0.0338,0.8,1,0.277883,pausa,0.7000000000000001,1200.0,0,0.455486,0.0
320,f471e869b897c40970ecad3e7dccffb45b01202fdaad2b20de89900ee099b16a,pausa,0.0,False,0.0,0.0,0.0,0.0,0.455486,0.0,0.8,1,0.267743,play,0.7000000000000001,1200.0,0,0.455486,0.0
321,d7469d2fc8dbb4b0c26f4f742edd3cf214a8c5998c3d0e85e9bef216685947a4,pausa,0.0,False,0.0,0.0,0.0,0.0,0.455486,0.090372,0.8,1,0.294855,stop,0.7000000000000001,1200.0,0,0.455486,0.0
322,a49d8a8cdbc6d07991e96b689b500e11d6a8366c882434bcd67132b6e1753018,pausa,0.0,False,0.0,0.0,0.0,0.0,0.612602,0.127415,0.6,2,0.424525,play,0.7000000000000001,1200.0,0,0.612602,0.0
323,941d29fd7c4354242b72268ca2f0303df61f9d6a722179067e08233d70a37f64,pausa,0.0,False,0.0,0.0,0.0,0.0,0.455486,0.035219,0.8,1,0.278309,pausa,0.7000000000000001,1200.0,0,0.455486,0.0
324,8c25b6baac9a2e353c1f7b390db0d4585c8ae90de5486b765131d1e38a5e58c2,stop,0.0,False,0.0,0.0,0.0,0.0,0.455486,0.092068,0.8,1,0.295363,play,0.7000000000000001,1200.0,0,0.455486,0.0
325,a2fc1798212b31cace9fc5c748dc19193f15e1d43b24ce06d362509961cd80b9,pausa,0.0,False,0.0,0.0,0.0,0.0,0.612602,0.143808,0.6,2,0.429443,play,0.7000000000000001,1200.0,0,0.612602,0.0
326,54fbd34cb00461b7490364e3016d3eb8368e3fd9e5cd2f3dd77a11501b65cf0c,pausa,0.0,False,0.0,0.0,0.0,0.0,0.96023,0.229529,0.4,2,0.668973,stop,0.7000000000000001,1200.0,0,0.96023,0.0
327,3efc314aa8abacb8f732e991fefe05cea4e5235a806ba28a84fb2af22ea57674,pausa,0.0,False,0.0,0.0,0.0,0.0,0.612602,0.079341,0.6,2,0.410103,pausa,0.7000000000000001,1200.0,0,0.612602,0.0
328,ee28bd0218d70c1f7a117b27ad1bbbcbe3079325a1690824639a5dd592a94917,pausa,0.0,False,0.0,0.0,0.0,0.0,0.612602,0.042221,0.6,2,0.398967,play,0.7000000000000001,1200.0,0,0.612602,0.0
329,cc8bbcfeca8e56e22e12b3c47bd0f8255314407fc0a9049ccb8549be8583f023,pausa,0.0,False,0.0,0.0,0.0,0.0,0.96023,0.15031,0.4,2,0.645208,play,0.7000000000000001,1200.0,0,0.96023,0.0
330,b0e3d43dbbf1f4b62d7ae36b08a2023c8ba8763148034cd99fc036d9dcc8c40d,pausa,0.0,False,0.0,0.0,0.0,0.0,0.455486,-0.0,0.8,1,0.267743,play,0.7000000000000001,1200.0,0,0.455486,0.0
331,0af94b83a8a1846ba48dbdee54faad7b7a486396a1632cb09e9bb789a44a00c9,pausa,0.0,False,0.0,0.0,0.0,0.0,0.96023,0.0,0.4,2,0.600115,play,0.7000000000000001,1200.0,0,0.96023,0.0
332,7410fc36e22307782ad263d4482fa482dcdd492c06cc6a8809cfc1abc0f41f2c,pausa,0.0,False,0.0,0.0,0.0,0.0,0.96023,0.147979,0.4,2,0.644509,play,0.7000000000000001,1200.0,0,0.96023,0.0
333,f4e9af069887e87cabe68ed5c846f4b290dc4abf973a0398c14a51c59a31232d,pausa,0.0,False,0.0,0.0,0.0,0.0,0.455486,0.04989,0.8,1,0.28271,pausa,0.7000000000000001,1200.0,0,0.455486,0.0
334,fd7f1b71ec451476de077c216cf12cc3906c393bea5c6f159797a8479d46c224,pausa,0.0,False,0.0,0.0,0.0,0.0,0.455486,-0.0,0.8,1,0.267743,play,0.7000000000000001,1200.0,0,0.455486,0.0
335,a79af94d5179033d51bf581bbc88ef662f01725772de814fa6caa3ccf671410a,pausa,0.0,False,0.0,0.0,0.0,0.0,0.864974,0.087113,0.6,1,0.538621,play,0.7000000000000001,1200.0,0,0.864974,0.0
336,061f3d6baee8793080f4d6ad0ec5725aa96040d55c6a41a4cdb7df7393cf81f0,pausa,0.0,False,0.0,0.0,0.0,0.0,0.96023,0.085658,0.4,2,0.625812,pausa,0.7000000000000001,1200.0,0,0.96023,0.0
337,c9f9feb7b083cc783de11431e9fa9573f5f4c3fa3d7bbc57c43d97ec6076ce28,play,0.0,False,0.0,0.0,0.0,0.0,0.612602,0.239371,0.6,2,0.458112,pausa,0.7000000000000001,1200.0,0,0.612602,0.0
338,9971be97f813f946f495f1b875f7d37aad21f0426fca9a7ce3a632368a8bf7f8,pausa,0.0,False,0.0,0.0,0.0,0.0,0.612602,0.078477,0.6,2,0.409844,pausa,0.7000000000000001,1200.0,0,0.612602,0.0
339,b6789c47adcf8379b35b5def06dd6e0a34d44832bdcab92ed9dc320b149595ea,pausa,0.0,False,0.0,0.0,0.0,0.0,0.455486,0.178934,0.8,1,0.321423,play,0.7000000000000001,1200.0,0,0.455486,0.0
340,f8a0df5a23a81b5944356bdad3036bbe7a6ab71a2d7c1157064ad579d52fa5ea,pausa,0.0,False,0.0,0.0,0.0,0.0,0.864974,0.108493,0.6,1,0.545035,play,0.7000000000000001,1200.0,0,0.864974,0.0
341,10f8503b15739f8cc0bccf2a07309ae39e0a638529a8f1e9a0d4a1cb514e0acd,pausa,0.0,False,0.0,0.0,0.0,0.0,0.96023,-0.0,0.4,2,0.600115,play,0.7000000000000001,1200.0,0,0.96023,0.0
342,908e3c5d20c7fdd32dc5ba2e82f8cac0ac155fe4b24b0ad97ccb50079d8ccff1,pausa,0.0,False,0.0,0.0,0.0,0.0,0.612602,0.124546,0.6,2,0.423665,stop,0.7000000000000001,1200.0,0,0.612602,0.0
343,2b6a846e2035520cbad56c0a1b2b6bf942d8e70f2a86bf407daf10d984b0325f,pausa,0.0,False,0.0,0.0,0.0,0.0,0.455486,0.203048,0.8,1,0.328657,pausa,0.7000000000000001,1200.0,0,0.455486,0.0
344,6300e20c9c850507c80dbe1c1fe0b85440757b24acd9bc3cb69ed24a4d2bd635,pausa,0.0,False,0.0,0.0,0.0,0.0,0.96023,0.181152,0.4,2,0.65446,pausa,0.7000000000000001,1200.0,0,0.96023,0.0
345,549c27565c573a15b3272524dc22405339820f8b8217970688d4052c72f70220,pausa,0.0,False,0.0,0.0,0.0,0.0,0.96023,0.04067,0.4,2,0.612316,pausa,0.7000000000000001,1200.0,0,0.96023,0.0
346,eb7bf3eaeae74c54be27d17c983d16e1a8dc08f1ec0aec38cd83d977ce785123,pausa,0.0,False,0.0,0.0,0.0,0.0,0.455486,0.0,0.8,1,0.267743,play,0.7000000000000001,1200.0,0,0.455486,0.0
347,fe052d49fa5ccefa1b56eec1f38cd3d114e40f466592a2d28d9f6e8ec9a0d8a2,pausa,0.0,False,0.0,0.0,0.0,0.0,0.864974,0.069264,0.6,1,0.533266,pausa,0.7000000000000001,1200.0,0,0.864974,0.0
348,e761c6771bf55d7a9a20659014b15c806570e54db57854111f617fe894ca9ab6,pausa,0.0,False,0.0,0.0,0.0,0.0,0.612602,0.027551,0.6,2,0.394566,play,0.7000000000000001,1200.0,0,0.612602,0.0
349,ab4c194ca0bfd6f443d23dddaa9dbe7131f9ead6a3b6b89a98875f5acc888559,play,0.0,False,0.0,0.0,0.0,0.0,0.96023,0.0,0.4,2,0.600115,play,0.7000000000000001,1200.0,0,0.96023,0.0
350,10ad12bdc090182f2c099d45a0aaeb2731841a3255dbe9ef23c09db48e771519,pausa,0.06,False,0.0,0.0,0.0,0.0,0.612602,0.123431,0.6,2,0.42333,pausa,0.7000000000000001,1200.0,0,0.612602,0.0
351,030adbbe65b696a90525be5c704aac3f493f8af1f977f8c449c6cc8529560af2,pausa,0.0,False,0.0,0.0,0.0,0.0,-0.0,0.025422,1.0,1,0.007627,play,0.7000000000000001,1200.0,0,-0.0,0.0
352,4a2ce2b9061c63d2bb8299c4def6ebfcf6ce15cfbf496adbf56ad41aaac48e19,pausa,0.12,False,0.0,0.0,0.4,0.0,0.612602,0.055053,0.6,2,0.402817,pausa,0.7000000000000001,1200.0,0,0.612602,0.0
353,a13f4ba1ec42acdfca23adf011ff3a2782305b15aead36523788570bbc275673,pausa,0.0,False,0.0,0.0,0.0,0.0,-0.0,0.0,1.0,1,0.0,stop,0.7000000000000001,1200.0,0,-0.0,0.0
354,f9d4aa118afb909f1be425bfa99d2f4bfad2661a441f3fa35369bcfeb8118238,pausa,0.15,True,0.5,0.0,0.0,0.0,0.612602,0.08731,0.6,2,0.412494,play,0.7000000000000001,1200.0,0,0.612602,0.0
355,8457c17c5e8b533c487144b75649f8238bfe7bfbf707fe4e5333368467d69ea0,stop,0.335667,True,0.6,0.0,0.08,0.06,0.455486,0.139077,0.8,1,0.309466,stop,0.7000000000000001,1200.0,0,0.455486,0.0
356,a627ce6e661f7ce8fcb813ac56e3eb6514a2d151c85a2e60bb8150afc4426438,pausa,0.06,False,0.0,0.0,0.0,0.0,0.864974,0.091056,0.6,1,0.539804,pausa,0.7000000000000001,1200.0,0,0.864974,0.0
357,3b7f8bf0cf46806d15878f89f6eaadabc9920d16537d552e2f0abdded2a26403,pausa,0.0,False,0.0,0.0,0.0,0.0,0.455486,0.117155,0.8,1,0.302889,pausa,0.7000000000000001,1200.0,0,0.455486,0.0
358,4cfd649b12bb64c4d3ddc97d1e3f0db5412b6967eba1efef23d0342c222a9cce,stop,0.0,False,0.0,0.0,0.0,0.0,-0.0,-0.0,1.0,1,-0.0,stop,0.7000000000000001,1200.0,0,-0.0,0.0
359,bada0dc043c6a774f4c4f1e47a73f305fd92c06f298bb827b0e3b830632771f2,pausa,0.0,False,0.0,0.0,0.0,0.0,0.96023,0.158655,0.4,2,0.647711,stop,0.7000000000000001,1200.0,0,0.96023,0.0
360,142639bdde37002b74c8df3c590a748b09886620e21012726494b2e36077608f,pausa,0.0,False,0.0,0.0,0.0,0.0,0.612602,0.136137,0.6,2,0.427142,pausa,0.7000000000000001,1200.0,0,0.612602,0.0
361,6bb18e6862dad03cecc045c43c4e87aad63079d12dc8a8943b2b11420bdf3c56,pausa,0.335667,True,0.6,0.0,0.08,0.06,0.455486,0.24257,0.8,1,0.340514,stop,0.7000000000000001,1200.0,0,0.455486,0.0
362,18f6fb9e74dff73d9091fd311a29c996264b3a1d36974dcd2a430e5e64a06c2a,pausa,0.0,False,0.0,0.0,0.0,0.0,0.96023,0.0,0.4,2,0.600115,stop,0.7000000000000001,1200.0,0,0.96023,0.0
363,f4a8e10db4bb364877cd51d7b8be0b0cffff6272ce725a87e1d5cf756eef2961,pausa,0.0,False,0.0,0.0,0.0,0.0,0.455486,0.092053,0.8,1,0.295359,pausa,0.7000000000000001,1200.0,0,0.455486,0.0
364,ac11da801e7ecc58d09b7991ed7e93800b11b821a9bad63ba306e66f32eb2228,pausa,0.0,False,0.0,0.0,0.0,0.0,0.96023,1.0,0.4,2,0.900115,play,0.7000000000000001,1200.0,0,0.96023,0.0
365,c2e824af64c6c136b5aba35cd0445a072f75f65769b7d69a23cd36c7f5ed4e3a,stop,0.0,False,0.0,0.0,0.0,0.0,-0.0,-0.0,1.0,1,-0.0,stop,0.7000000000000001,1200.0,0,-0.0,0.0
366,09a06099f012ed176d05845466a203ff7a1dbbddc4c9b3f4d0dbb570a2965349,pausa,0.0,False,0.0,0.0,0.0,0.0,0.864974,0.230756,0.6,1,0.581714,pausa,0.7000000000000001,1200.0,0,0.864974,0.0
367,6ff05a310a6d6b24743dcfa5df02131ca7284f83cc2404e8ba7c7b4153753779,pausa,0.0,False,0.0,0.0,0.0,0.0,0.864974,0.0,0.6,1,0.512487,stop,0.7000000000000001,1200.0,0,0.864974,0.0
368,a81a67d208ecd1c9e09536dc2ac8642fa2b2535cad422758f3f8e3770726afb9,pausa,0.0,False,0.0,0.0,0.0,0.0,0.864974,0.0,0.6,1,0.512487,play,0.7000000000000001,1200.0,0,0.864974,0.0
369,4915e85c49ce8712f5648190c40646000567f9419bb581b15dc26ab03e652d57,pausa,0.0,False,0.0,0.0,0.0,0.0,0.455486,0.152033,0.8,1,0.313353,pausa,0.7000000000000001,1200.0,0,0.455486,0.0
370,a064810a11ecf832b0a38b0fc890d4efbb457cb575ed04c7865b24d9c870ff0f,pausa,0.0,False,0.0,0.0,0.0,0.0,-0.0,0.122583,1.0,1,0.036775,pausa,0.7000000000000001,1200.0,0,-0.0,0.0
371,127fdcccfa1e38bd844ca45d6dc75ebb6851d5fbe05b064374a0441ab3568bd2,pausa,0.0,False,0.0,0.0,0.0,0.0,0.96023,0.127908,0.4,2,0.638487,pausa,0.7000000000000001,1200.0,0,0.96023,0.0
372,a66dd3b911179b482d8976b47a97ed71438e3b062a54f4bc0f258e784496aff3,pausa,0.0,False,0.0,0.0,0.0,0.0,0.612602,0.0,0.6,2,0.386301,play,0.7000000000000001,1200.0,0,0.612602,0.0
373,609d6407df275cd93005d127a2627ecb88a62f9e7f7472552754dd40b8430d77,play,0.0,False,0.0,0.0,0.0,0.0,-0.0,0.125368,1.0,1,0.03761,play,0.7000000000000001,1200.0,0,-0.0,0.0
374,9c7bd7d588b8ee32987bda4f097cd205bc03ccc0f8f8ed18e2f73c4a23868c57,pausa,0.0,False,0.0,0.0,0.0,0.0,0.864974,0.06013,0.6,1,0.530526,pausa,0.7000000000000001,1200.0,0,0.864974,0.0
375,f763cc899909632f1aaed4afeb5a9adb90969732a1ab952aaf46e8b0be38a4d4,pausa,0.06,False,0.0,0.0,0.0,0.0,0.455486,0.054534,0.8,1,0.284103,pausa,0.7000000000000001,1200.0,0,0.455486,0.0
376,ef2fa44f9a72cca63bd36129cb38a4af248dabecb30b84e4ec484087c8d65344,pausa,0.0,False,0.0,0.0,0.0,0.0,0.455486,0.098338,0.8,1,0.297244,pausa,0.7000000000000001,1200.0,0,0.455486,0.0
377,f6aa781710715c5965877e926671ea9aec3a3bb3a6b8ab3d57424472f81bb37d,pausa,0.335667,True,0.6,0.0,0.08,0.06,-0.0,0.054452,1.0,1,0.016335,stop,0.7000000000000001,1200.0,0,-0.0,0.0
378,7379519e44871e579712c7da6f6115a1ebb62545b6c12ec4f44ccc51626b0af3,pausa,0.0,False,0.0,0.0,0.0,0.0,0.864974,0.068067,0.6,1,0.532907,pausa,0.7000000000000001,1200.0,0,0.864974,0.0
379,32e2ea892070d812d290162e0566d153dff3c1d842abe5e7a2c506d1ae03472f,pausa,0.0,False,0.0,0.0,0.0,0.0,0.455486,-0.0,0.8,1,0.267743,pausa,0.7000000000000001,1200.0,0,0.455486,0.0
380,fe0a7feefe2198d4e5c02651536e6848beab8f4359bb528e134c58023aca77a8,pausa,0.0,False,0.0,0.0,0.0,0.0,0.612602,0.087227,0.6,2,0.412469,play,0.7000000000000001,1200.0,0,0.612602,0.0
381,a0bb2db0dc3aa77e8d0912dd285c74695aebd17e57321d4abe273dcb039c8105,pausa,0.0,False,0.0,0.0,0.0,0.0,0.455486,0.30691,0.8,1,0.359816,play,0.7000000000000001,1200.0,0,0.455486,0.0
382,17dd0fc9ccbd6971138ccd0403c1fc1222aee1faa8da99765ac345c18769ed4c,pausa,0.0,False,0.0,0.0,0.0,0.0,0.864974,0.13748,0.6,1,0.553731,pausa,0.7000000000000001,1200.0,0,0.864974,0.0
383,1fb08f21f595dfc27baf57eff8eaed1794ee2c832f4d70bd33f36ac13fe2982e,pausa,0.0,False,0.0,0.0,0.0,0.0,0.96023,1.0,0.4,2,0.900115,play,0.7000000000000001,1200.0,0,0.96023,0.0
384,b057a491638bfa53039cb448901d376d0fe9a5c20f42969bae05345bd0b2ce57,pausa,0.0,False,0.0,0.0,0.0,0.0,0.96023,0.206807,0.4,2,0.662157,stop,0.7000000000000001,1200.0,0,0.96023,0.0
385,430367494f2aa265face86db19775a6601870a9d7f25a769e718ed8e5b92768b,pausa,0.0,False,0.0,0.0,0.0,0.0,0.864974,0.093673,0.6,1,0.540589,pausa,0.7000000000000001,1200.0,0,0.864974,0.0
386,9e3a429a3947cd76dd4182c2ad5f0a3c5960b297cbf4609168e0439d079e8e70,pausa,0.0,False,0.0,0.0,0.0,0.0,0.96023,0.137007,0.4,2,0.641217,play,0.7000000000000001,1200.0,0,0.96023,0.0
387,ad226cfa9f56b8607eceeef2ffb78a5162d5ca2a8cc3ac6d96a2f4ab5ab5c7d7,stop,0.335667,True,0.6,0.0,0.08,0.06,-0.0,0.105461,1.0,1,0.031638,stop,0.7000000000000001,1200.0,0,-0.0,0.0
388,07d2657af9d50a0faef11ca987b29db44c13b0352ac12dd4b149ca649862c1f8,pausa,0.0,False,0.0,0.0,0.0,0.0,0.96023,1.0,0.4,2,0.900115,play,0.7000000000000001,1200.0,0,0.96023,0.0
389,f65722bc3f67670f4162c1130226e2fd66d0484ac988bff4212fd8b17d7fb6a5,pausa,0.0,False,0.0,0.0,0.0,0.0,-0.0,0.035094,1.0,1,0.010528,pausa,0.7000000000000001,1200.0,0,-0.0,0.0
390,7779c8b9854766029e0490d846487ff2bf204d8015f67966f8995b249c030999,pausa,0.0,False,0.0,0.0,0.0,0.0,0.864974,0.064992,0.6,1,0.531984,pausa,0.7000000000000001,1200.0,0,0.864974,0.0
391,dc0e31e3408c4fc6d42d97ae0b2db33a63b5dfce584be718d6e6d3045383fd21,pausa,0.0,False,0.0,0.0,0.0,0.0,0.612602,0.167249,0.6,2,0.436475,play,0.7000000000000001,1200.0,0,0.612602,0.0
392,ab50225667da344efa91077b60154d93f754ee4d80eebda11a1b673d10c871b7,stop,0.335667,True,0.6,0.0,0.08,0.06,-0.0,0.0,1.0,1,0.0,stop,0.7000000000000001,1200.0,0,-0.0,0.0
393,37d1d017e48e6e97d120b7d0ecd79caeff02111d9f5d236c0a80c9a2ca374c64,play,0.0,False,0.0,0.0,0.0,0.0,0.612602,0.13729,0.6,2,0.427488,play,0.7000000000000001,1200.0,0,0.612602,0.0
394,02528b69308c856a27976ae4247701a355d2722d10fd2e159869356dc5d958b5,pausa,0.0,False,0.0,0.0,0.0,0.0,-0.0,0.123605,1.0,1,0.037081,play,0.7000000000000001,1200.0,0,-0.0,0.0
395,d0d0476625b205100e5b3bcda5c2032dfc85a80bceea8dff3e5bd065e6a0a81a,pausa,0.0,False,0.0,0.0,0.0,0.0,0.612602,0.20228,0.6,2,0.446985,pausa,0.7000000000000001,1200.0,0,0.612602,0.0
396,ca3dc08dc41c6c90877c73ec5a34eb4154d654e3334fe2a0a84862dee37142d8,pausa,0.0,False,0.0,0.0,0.0,0.0,0.612602,0.23375,0.6,2,0.456426,pausa,0.7000000000000001,1200.0,0,0.612602,0.0
397,03d5c68a78e51945763aa0e1f12b0421dac08a15fd39c37f9fbc52785a6436e4,pausa,0.12,False,0.0,0.0,0.0,0.0,0.864974,0.189432,0.6,1,0.569316,pausa,0.7000000000000001,1200.0,0,0.864974,0.0
398,e4ab9680e6ba1db96eea58a727f68b4781115d8598ebd80af4ebff84bc65d0fa,pausa,0.0,False,0.0,0.0,0.0,0.0,0.864974,0.23896,0.6,1,0.584175,pausa,0.7000000000000001,1200.0,0,0.864974,0.0
399,22a8a59b64a1eb5fec172c3c74114bdb6fc31f0c8bd67bf0a01a84fb81d8ebe5,pausa,0.0,False,0.0,0.0,0.0,0.0,0.455486,0.072999,0.8,1,0.289643,pausa,0.7000000000000001,1200.0,0,0.455486,0.0
