query_idx,text_hash,true_label,gate,decision,score,trace,risk_4d,uncertainty,p_stop
0,478d2a73e17118f494cfae75a606c3f9ce15476888faffcd8454cfb63c8dd49d,pausa,A,stop,0.578687,STOP: costo esperado FN-stop supera umbral HITL,0.0,0.611605,0.68
1,aeb86fa31ccaedfbc25152cf6213795ca8ca04f5eced9cc382a7604a6aa46cb3,pausa,A,pausa,0.20584,PAUSA: score combinado supera umbral pausa,0.0,0.296969,0.07
2,607fd62f6c0d64e7f32b5395a78cd019937527ba1dfd21429c3078166cbde8f8,pausa,A,play,0.148005,PLAY: score bajo umbrales,0.0,0.607861,0.19
3,881a7c9131943ddf21948ee1fb82a690649553ea1d357c119c99bd0e238e95c7,pausa,A,play,0.126796,PLAY: score bajo umbrales,0.0,0.539037,0.13
4,fff9440a43b6206fd15f63dcb88c2d745a567a1431953592355bae4ffcd005ef,pausa,A,pausa,0.263418,PAUSA: score combinado supera umbral pausa,0.0,0.529618,0.13
5,5ab7a93ef41a0885cc1f9db0bfa0bbfd2ed2cd2af755be0dd113ed9929efd60c,pausa,A,pausa,0.225052,PAUSA: score combinado supera umbral pausa,0.0,0.409238,0.07
6,fd1c677944f8ca72edd4816125e8b3f42a12a6a5e49923f3e40e3e13a73803bb,pausa,A,pausa,0.213297,PAUSA: score combinado supera umbral pausa,0.0,0.307252,0.07
7,b390dac64689b86287ca627efa07e6a3368c0dd9d6f4d653e1786d353455e693,pausa,A,pausa,0.265622,PAUSA: score combinado supera umbral pausa,0.0,0.532658,0.13
8,e384ddf22c5d721b122840a3fa47ed3273224311d0ac50049764191ee521ddce,pausa,A,pausa,0.223113,PAUSA: score combinado supera umbral pausa,0.0,0.296969,0.13
9,5ab950c28271405134884512dcb4c94c2953dc2ed29fee2b1bdec641108bdc11,pausa,A,pausa,0.22712,PAUSA: score combinado supera umbral pausa,0.0,0.41209,0.07
10,22faac5ccc71e10c3cb70f96971537659fa82ba23b7c4238d0033aae3f75bc31,play,A,play,0.120612,PLAY: score bajo umbrales,0.0,0.530508,0.13
11,891204e5d79a672b85bf91ddd9e44998aee086e03b249c861d577cac64257e43,pausa,A,stop,0.547592,STOP: costo esperado FN-stop supera umbral HITL,0.0,0.063091,0.86
12,b338ffcee9fc1b5900f6ceb469f1ae79c3bd706624c0fd475135ae3e8505de61,pausa,A,play,0.187467,PLAY: score bajo umbrales,0.0,0.686103,0.13
13,b6f500f006ded41d74c32e874f55c87ea27a83cae1066ba78051ecad7845b3b5,pausa,A,pausa,0.23022,PAUSA: score combinado supera umbral pausa,0.0,0.416364,0.07
14,d1b96f0d8ecd18d908936f641166c3e5b797763ca4a64ca856f130be54938059,pausa,A,play,0.180081,PLAY: score bajo umbrales,0.0,0.06774,0.07
15,a8f390c58560a8790d29008b21c3d1efd960c61c3185a95cd91f831f1803eb54,pausa,A,play,0.177989,PLAY: score bajo umbrales,0.0,0.064855,0.07
16,273d28147f5877244923e2b1e468eb4f672d700397b704b76c9b90f0879c040c,pausa,A,play,0.067304,PLAY: score bajo umbrales,0.0,0.303747,0.07
17,6f8204499e80d326addffd697cd2de00a211b74b4f603f999d5d79ae419a0cc5,stop,A,stop,0.54245,STOP: costo esperado FN-stop supera umbral HITL,0.0,0.056,0.86
18,5d6d127b60e15cf454b53ab11f82a87670b61e0214fcbe5c4c4b039d607d9af8,pausa,A,play,0.098975,PLAY: score bajo umbrales,0.15,0.299737,0.07
19,7464ceba6c66c69efc4e2a582a313e6949930137b2554321dcb0d95ca8467c10,stop,A,play,0.187467,PLAY: score bajo umbrales,0.0,0.686103,0.13
20,7d68bec9a29b5d4c54101ba60f25e99d000774882359641a0e8eca4626578fd9,pausa,A,pausa,0.262784,PAUSA: score combinado supera umbral pausa,0.0,0.528744,0.13
21,b9515602146a02e939bd94533e45ec82e9143cd378185e739a9318698b40026a,play,A,play,0.124927,PLAY: score bajo umbrales,0.0,0.599855,0.13
22,82c75117b7db95e720b017ba43a48d6f4a1a908b99ab25ad7c0f7291a53d78fc,stop,A,stop,0.61983,STOP: costo esperado FN-stop supera umbral HITL,0.335667,0.056,0.86
23,4c631e2116428ab0797ec862b72535cd7c9a5aa8701d9eef13a6bae08d523eac,pausa,A,play,0.131512,PLAY: score bajo umbrales,0.0,0.608937,0.13
24,0faabe2e1677cd1aaf654cd550fd1890fd43680d999b512a37b0a2b04c19f348,play,A,play,0.091664,PLAY: score bajo umbrales,0.0,0.423115,0.07
25,c2fe79b141e00c30134ef23b651121f0f9077334ebbcb7a7f8809c28bbec3e5a,stop,A,pausa,0.275746,PAUSA: score combinado supera umbral pausa,0.0,0.610017,0.13
26,bf094bca985be3654a4b16cecaa14b594881d4ef78a494bde0d5fdafd657ae9c,pausa,A,pausa,0.268194,PAUSA: score combinado supera umbral pausa,0.0,0.421091,0.19
27,e1867e00445421cccafe1a0e9c216044867a918307433adb63b52afa5b2722d9,pausa,A,pausa,0.267986,PAUSA: score combinado supera umbral pausa,0.0,0.420805,0.19
28,127caefca4ae5bb454be4cb4419b5f6e75abb9e1a362f8e597a378082731cb71,pausa,A,stop,0.567447,STOP: costo esperado FN-stop supera umbral HITL,0.0,0.596103,0.68
29,35c9d67b7076417a4166ebed22fbea7c8d7ea9ed0fbbabb1168cb91af3712cf2,pausa,A,pausa,0.272673,PAUSA: score combinado supera umbral pausa,0.0,0.427268,0.19
30,3131e7dfb745ac264427889cfee10c62b97bd0101d587c949ce982125f751658,stop,A,stop,0.587318,STOP: costo esperado FN-stop supera umbral HITL,0.0,0.536289,0.74
31,a565487dabf5a9ba6e613a95d40d37c685f9ac8fdcc8a7139889c48b60de140d,pausa,A,pausa,0.232257,PAUSA: score combinado supera umbral pausa,0.0,0.419173,0.07
32,c15913ce8a802b3406d4eb4763b133d9684ef0d19a4d56e5b3b27dc0faf444c7,pausa,A,pausa,0.237032,PAUSA: score combinado supera umbral pausa,0.0,0.425759,0.07
33,e7a4f2c15811f16915c53d482f1d1e6902fd92ee8ef1c774372e50befc1878d6,pausa,A,play,0.187467,PLAY: score bajo umbrales,0.0,0.686103,0.13
34,6c2023480837ffd793e7b841b4451b6b38fbbd3a9873f8b62f999d79d2362a41,pausa,A,pausa,0.247909,PAUSA: score combinado supera umbral pausa,0.12,0.316837,0.07
35,7de056f55aa90f96d9a51ee0b3c39db2f90c8cfb99bf04524747d4c94b05ff39,pausa,A,pausa,0.269362,PAUSA: score combinado supera umbral pausa,0.0,0.422702,0.19
36,32e6fa454a1be9970f3a7f2df6bba2477f2495d4451b9444602c512dce1bc9f6,pausa,A,play,0.086293,PLAY: score bajo umbrales,0.0,0.306113,0.13
37,e45fc8cccc7b95c6c876df197bfd5440432a074f5691bda96363b1ec60cc8a25,pausa,A,pausa,0.260458,PAUSA: score combinado supera umbral pausa,0.0,0.410423,0.19
38,a6680ed767e8fd7ada2b32e0c4361670db8cba8ec310d5b83894b3ddab31b9cb,pausa,A,play,0.126886,PLAY: score bajo umbrales,0.0,0.602557,0.13
39,3286477e8f580de80a75b932e23b9931e59241383e86089aece419084bf14b24,pausa,A,stop,0.572378,STOP: costo esperado FN-stop supera umbral HITL,0.0,0.602904,0.68
40,6479fb18f4ecf55b868e67f0752364638e47b61554098974226069553d44fc81,stop,A,pausa,0.254441,PAUSA: score combinado supera umbral pausa,0.0,0.517238,0.13
41,322fbff8724456303e801f832161b4793dcf291e011ec446a4de11a7c9e4c779,pausa,A,play,0.096901,PLAY: score bajo umbrales,0.06,0.411263,0.07
42,a22790f4efac31e79a68854bff313f399bca47785d7a7e24f5138d4d620e359f,pausa,A,pausa,0.217308,PAUSA: score combinado supera umbral pausa,0.0,0.312784,0.07
43,844e1acb997f78be2d5cc3d7ce068cf3e86d72f0eca84a3539aa7801ede6fe9d,pausa,A,stop,0.636666,STOP: costo esperado FN-stop supera umbral HITL,0.335667,0.079218,0.86
44,b1219e55f926e20969cf1e8ecddd80dbfe9328f5c51fa2b45b78446e787c139f,pausa,A,play,0.126406,PLAY: score bajo umbrales,0.0,0.601896,0.13
45,a7d6a8ae8dd32e8e376f453daef9820ee61a607327ed71a9c7e03077a87f6b5a,stop,A,stop,0.542655,STOP: costo esperado FN-stop supera umbral HITL,0.0,0.056283,0.86
46,e840fb9305c81b50a3860d58d32c8da9c9beae5a0301f850e715a757a2156e6d,pausa,A,play,0.175752,PLAY: score bajo umbrales,0.0,0.061771,0.07
47,616a1b3b78474819bc0d9513585731aa895242356ed4686e0c668df757219439,pausa,A,play,0.118859,PLAY: score bajo umbrales,0.0,0.528091,0.13
48,ac5462f18506148837cf43c3ce39e9b85853666e7342b2ae02615afc7dcd84a8,play,A,play,0.183154,PLAY: score bajo umbrales,0.0,0.071978,0.07
49,3ddb06e187d479e306f0871690bac62618c889a0523045296b07a4305b1b9d00,pausa,A,pausa,0.270326,PAUSA: score combinado supera umbral pausa,0.185667,0.412648,0.07
50,5859d6f4e010dfa1150fdad18443c920c662574a6df62165e5c37c39bac3a4e8,pausa,A,pausa,0.261835,PAUSA: score combinado supera umbral pausa,0.0,0.412322,0.19
51,5bbb5f3b3bdefd79e8ef37041ae97309b6e9c5ef33278b3bb3b867d1caf1b9bb,pausa,A,play,0.072197,PLAY: score bajo umbrales,0.0,0.310496,0.07
52,937cac14895ce6f945ffa7939c8d8845360060cc3648348e96a3a66b7a518cf2,pausa,A,stop,0.61983,STOP: costo esperado FN-stop supera umbral HITL,0.335667,0.056,0.86
53,96e716d42f2d18184bba74dbed10bc6d22d08cf626a5018934992709900eb10a,pausa,A,play,0.063757,PLAY: score bajo umbrales,0.0,0.298856,0.07
54,8ae708ddd73f307c16169ac1782e604c248a988d6ae82f6761757eb5548386ef,stop,A,play,0.125076,PLAY: score bajo umbrales,0.0,0.536664,0.13
55,c53049828e5bd02770affb434d8eff15d4a4791e4a24488e6548ea2bf4adf687,pausa,A,play,0.130444,PLAY: score bajo umbrales,0.0,0.544067,0.13
56,4f034c9cc8246756d5f94bd65e7901447c5824a64478fc40ccf74aadac7cfc33,pausa,A,pausa,0.229092,PAUSA: score combinado supera umbral pausa,0.0,0.414809,0.07
57,2e75a114bceecd943769b5b3145dcdbd9ddc34ba89e7ca13ba27fad0b934bf9d,pausa,A,pausa,0.260526,PAUSA: score combinado supera umbral pausa,0.0,0.52563,0.13
58,4827f7a503ac54179476105353e0042e3c51f6728397865050f12a7f7dc993bf,pausa,A,pausa,0.229543,PAUSA: score combinado supera umbral pausa,0.0,0.415431,0.07
59,272acb087c6de276b2d765a507a8750ad47140a8f5a0cdc99c111182a354bd6c,pausa,A,stop,0.571998,STOP: costo esperado FN-stop supera umbral HITL,0.0,0.60238,0.68
60,e18f34becf4f8a98618fdf5fb01831800901981c4012d93da20e7214acafb798,pausa,A,pausa,0.223334,PAUSA: score combinado supera umbral pausa,0.0,0.321095,0.07
61,fd6bb9676aa960f06b807db09e3b5b3fed31e361134ecea368bb8126a94a8e7d,pausa,A,pausa,0.257366,PAUSA: score combinado supera umbral pausa,0.0,0.521273,0.13
62,7e7a17fe1640db6ade2c39bb59ecd83c19513d031fe38279d0ed5d64c5d21369,pausa,A,play,0.122206,PLAY: score bajo umbrales,0.0,0.596103,0.13
63,262472dd90c85e4deb9b2029575d55ddf819f437043f0e9dc31689b976b23e28,pausa,A,play,0.120868,PLAY: score bajo umbrales,0.0,0.530861,0.13
64,01ecd6177ee73e60656938e0f0499fe3330db9f03721e26eefa6daf8bbe13590,pausa,A,pausa,0.270209,PAUSA: score combinado supera umbral pausa,0.0,0.423871,0.19
65,b629717ee2c78efe81047f5ea63e37b0f72c4f675577af2fbdbbd69695596aa9,pausa,A,pausa,0.213948,PAUSA: score combinado supera umbral pausa,0.0,0.30815,0.07
66,c957bf52c7a94994b41a46294c65f06833220772484affcd7c39c045ff2e0d14,pausa,A,pausa,0.241291,PAUSA: score combinado supera umbral pausa,0.0,0.431632,0.07
67,6c7f8c49f60ba561068c9d59a29b395337b6e54ecb3bee5083b7914094c3a5cb,pausa,A,pausa,0.2268,PAUSA: score combinado supera umbral pausa,0.0,0.411648,0.07
68,0b53d6658c83a53c84951c3ff3c6cea06330a91ca6c57f90aa8861c8695943ed,stop,A,play,0.084833,PLAY: score bajo umbrales,0.0,0.3041,0.13
69,b26b8177d055d7ced041b1302c2949c01ae7c13381568218b770ea8fc188340b,pausa,A,pausa,0.269605,PAUSA: score combinado supera umbral pausa,0.0,0.538151,0.13
70,97655fcbe6b3fe60680050d0446feb56fb33892c9a9afe20cc6f943a7d300fd2,pausa,A,pausa,0.269079,PAUSA: score combinado supera umbral pausa,0.0,0.600822,0.13
71,39a29dc81b4975da444783ac60299f2351a014bdaea87ed64965e796ec0c38fc,pausa,A,pausa,0.259386,PAUSA: score combinado supera umbral pausa,0.0,0.408944,0.19
72,cdf8895e0a675a95636bce500d14604bfbf5e911bc22173bc40626c2f0fd2b58,play,A,play,0.187467,PLAY: score bajo umbrales,0.0,0.686103,0.13
73,49aaaaa339be47bd78422b99f218fc0483d35e06d757b4f5a220f5b606dffc17,pausa,A,play,0.064535,PLAY: score bajo umbrales,0.0,0.299929,0.07
74,86d613d07a9c70b52e6fa910c10d890a9032cbc39f7203d194d1bf634c3e3a24,stop,A,stop,0.634731,STOP: costo esperado FN-stop supera umbral HITL,0.335667,0.403671,0.74
75,7ff06f43bcb2b2b1d4086364e4dd8721a010276af13a471d5254dd9783b34e2a,pausa,A,play,0.03142,PLAY: score bajo umbrales,0.0,0.060556,0.07
76,46d2787e16d9dcec0163edfc1a78c9d61df6a20402cf7e9686d5c3b0077a76fc,pausa,A,play,0.126205,PLAY: score bajo umbrales,0.0,0.538221,0.13
77,1225cafdf86e0b337c0935ab1907ce1f91d502b5f13583ec6cd663c45162990b,pausa,A,play,0.122894,PLAY: score bajo umbrales,0.0,0.533656,0.13
78,3c5d8a2cd4703870cfc24a9696030c3ffcb76408bb376876c853826bccd70aaa,pausa,A,play,0.129188,PLAY: score bajo umbrales,0.0,0.427221,0.19
79,40c1cce09cf60873e27dfd774ce5892f8a7ba8d8d80aa0d912a82cece5d7d38c,pausa,A,play,0.124557,PLAY: score bajo umbrales,0.0,0.535948,0.13
80,627ca699ecd62b4a09c75dafca846eba19509b116957710a69583e483bc3780c,play,A,pausa,0.284127,PAUSA: score combinado supera umbral pausa,0.0,0.597753,0.19
81,38d12e296a24b749c33d9544d253fa8e79d98f101dc35cbd62da03612bd31c38,play,A,stop,0.592852,STOP: costo esperado FN-stop supera umbral HITL,0.0,0.543922,0.74
82,cb51982b2ce2acc1fdea8bae05c71dc58cbd6c63452f00098474b4d34b11be67,pausa,A,pausa,0.228979,PAUSA: score combinado supera umbral pausa,0.0,0.305058,0.13
83,f5faa99ec298100abfc834d79689776b7a3267c4f929c8b1fdc6da5148f71a5a,pausa,A,pausa,0.26364,PAUSA: score combinado supera umbral pausa,0.0,0.529924,0.13
84,99b81a6b2df817378edf18209326bdb02a5965e27f0aae12b4f1ce80e5ab9ae1,pausa,A,play,0.132016,PLAY: score bajo umbrales,0.0,0.609631,0.13
85,7386e6e9e23bd952ad8ffa1ae0ed68b0b9ae3d93ba1682bc52c6d8a3a050dcfc,pausa,A,pausa,0.254836,PAUSA: score combinado supera umbral pausa,0.15,0.316852,0.07
86,f6b84a49d033d3bfa9508f9be589d52ac77005138633aea036b13a16ca9c9419,pausa,A,pausa,0.255594,PAUSA: score combinado supera umbral pausa,0.15,0.403671,0.07
87,a52e2d75e4cf740f6788c75d7572200271f0f7dabf041cb752aedfb145414089,pausa,A,pausa,0.20584,PAUSA: score combinado supera umbral pausa,0.0,0.296969,0.07
88,3ca30e82bf8327bae125ac378dadfeaae67c7f42b3e431f47b95a2d948af045e,pausa,A,play,0.093094,PLAY: score bajo umbrales,0.0,0.425087,0.07
89,4ccb500ba4e2358a71c3e90e9a53255b429e6eee38fc5448afffcad25ace0596,pausa,A,play,0.078849,PLAY: score bajo umbrales,0.0,0.405442,0.07
90,d302bd17de4f7a695a87c21551c6331d5a3fa8ff8c63aa52ab5b089923d7e30b,pausa,A,pausa,0.222246,PAUSA: score combinado supera umbral pausa,0.0,0.405367,0.07
91,1990ca693119faca84520cd0b206e9bc2d6d114237a848ddacbab6d789e99960,pausa,A,pausa,0.262824,PAUSA: score combinado supera umbral pausa,0.0,0.5288,0.13
92,7796aa1fc314ead35110feed7d70de944725df2dad87cafd3efb055cbde707c0,pausa,A,pausa,0.263618,PAUSA: score combinado supera umbral pausa,0.15,0.414737,0.07
93,d002463a8be47bd70ddabdb485a2c022f633e40a70739def8143af42830dd8e1,pausa,A,play,0.043663,PLAY: score bajo umbrales,0.0,0.07744,0.07
94,9f7cc071df506aeeae61bdb2992b93e5d713004926220f1c372b9bfe9d875bcf,pausa,A,pausa,0.207372,PAUSA: play con incertidumbre alta,0.335667,0.606842,0.13
95,5142721eb544fc10c99ec0ec22015a194c9bf5bed81eef7f7406736f0406383a,pausa,A,play,0.164235,PLAY: score bajo umbrales,0.075,0.606399,0.19
96,cccfd6956cb178ea9e30d89f430c5fe09829e9d99b32679d843963e95a890694,stop,A,stop,0.61983,STOP: costo esperado FN-stop supera umbral HITL,0.335667,0.056,0.86
97,ffc199f69dbe0c19a5f00c8d8f8200a395760168ac2e8fbc99947929e80567f8,stop,A,pausa,0.229912,PAUSA: score combinado supera umbral pausa,0.0,0.415939,0.07
98,a15968f264a0a5a5823e5aadba00e37cec7b4706774e718e19c66e496104a3e0,pausa,A,play,0.123952,PLAY: score bajo umbrales,0.0,0.535114,0.13
99,424a5434267c76eec85fa294183a61aaba69ed6e1f50f134a26db117083466ae,pausa,A,stop,0.583376,STOP: costo esperado FN-stop supera umbral HITL,0.0,0.618071,0.68
100,8b3ca72ec21a09322ffdc1d6578994edb8748e0b86f0b8cb845fcf4d77a4faf3,pausa,A,play,0.077564,PLAY: score bajo umbrales,0.0,0.403671,0.07
101,606ff878553e608a6f821f8157121b3e54130dc91433d72cf20bf22121ce3cf9,pausa,A,play,0.064481,PLAY: score bajo umbrales,0.0,0.299854,0.07
102,a65ba2f69cbf36ec623f09cdee5bbb045f67d4dab1ef656c3db36b8e571e8481,play,A,pausa,0.25966,PAUSA: score combinado supera umbral pausa,0.0,0.524436,0.13
103,6bee8ab2b30d7982ca3b263e1edc31f3da5ae7aee1ebccf940d823c605ba5eff,pausa,A,play,0.097754,PLAY: score bajo umbrales,0.0,0.431514,0.07
104,7da04aeb5a244fc1aa830b6c75753cb3ac623255051a293a33124ad9a84bf3d7,pausa,A,pausa,0.269892,PAUSA: score combinado supera umbral pausa,0.0,0.538546,0.13
105,be2800396329f45330e450079b9f45a364e0ef4bd5f839dbd674be4e013456ce,play,A,pausa,0.267214,PAUSA: score combinado supera umbral pausa,0.0,0.534854,0.13
106,70d5f6e2b5a125d696c76d001effaeb47a7542176633854823a7bd60c7ef7648,play,A,pausa,0.27405,PAUSA: score combinado supera umbral pausa,0.0,0.607677,0.13
107,97802e31db5b9870d66c4a859e3be949d075e11578b6b1e67c0ca2968f1230dc,pausa,A,stop,0.594344,STOP: costo esperado FN-stop supera umbral HITL,0.06,0.614123,0.68
108,0921d9615ddf476c65baf00b36b5f08f7e3338ce48884fdd2df88eb9186c2dec,pausa,A,play,0.087295,PLAY: score bajo umbrales,0.0,0.41709,0.07
109,d7c0bde7bd2d5027c392d0ae1ce53a9e40b7c111d07f3477d4940c9365048f52,pausa,A,pausa,0.262127,PAUSA: score combinado supera umbral pausa,0.0,0.527838,0.13
110,b0565092ce936a2bba23e1dfc0a6ea0e18134417beb47610795a93da6767b2a7,pausa,A,play,0.114677,PLAY: score bajo umbrales,0.0,0.522323,0.13
111,a70e1fba59e0b67c8a5379fe0ac795ecd8d6259281143d0832f812a2dbb9181f,stop,A,pausa,0.263562,PAUSA: score combinado supera umbral pausa,0.0,0.529816,0.13
112,e2e69148f4d375ce840b9fac3976fa3f7bb05601f33e9a70cd79b40cfaac9915,pausa,A,play,0.081444,PLAY: score bajo umbrales,0.0,0.409022,0.07
113,4316542bd62faf96c9ddc2570dcaa47aea78ef76afb99f56e6531818e9ca6aa2,stop,A,stop,0.545899,STOP: costo esperado FN-stop supera umbral HITL,0.0,0.060756,0.86
114,257d58c855532aca2ac019b25c2cb7f3fc001aa2892caadbbf5586dcee02c4ea,pausa,A,pausa,0.234825,PAUSA: score combinado supera umbral pausa,0.0,0.422715,0.07
115,94dfa339be0b8c69bd55cd2d9e34b4c394fd6b88e583a7ebb29dca5160a298ba,pausa,A,pausa,0.254441,PAUSA: score combinado supera umbral pausa,0.0,0.517238,0.13
116,5b385dbd4face4399e31322df5641e7e62a4b12795fdea1b163eb44e2129ca7d,pausa,A,play,0.112102,PLAY: score bajo umbrales,0.0,0.518773,0.13
117,a7172dbe97ae9fca83c490d043bde1ebe789d5f3f5f2867e1d9090dbe32bcc83,pausa,A,stop,0.580168,STOP: costo esperado FN-stop supera umbral HITL,0.0,0.526429,0.74
118,83de58e4b79fa9d6807e9afc2ddcd5c9e1bc6fd2695a122a8a3040041e92b06a,pausa,A,stop,0.574118,STOP: costo esperado FN-stop supera umbral HITL,0.0,0.605304,0.68
119,e126e26c714bfaf7663096006dcb8e513dfaa39806c468464af77cd431db7c3f,pausa,A,pausa,0.254441,PAUSA: score combinado supera umbral pausa,0.0,0.517238,0.13
120,2dc84e02ae71cac1a327a65fcecb414016b3ffd03e3c419c2d664aef608cd81c,pausa,A,pausa,0.28732,PAUSA: score combinado supera umbral pausa,0.0,0.625978,0.13
121,92f773c386ee72241452256bf463fc1abbbb207514bfdae8e3fe0cbc5a3de900,pausa,A,pausa,0.266344,PAUSA: score combinado supera umbral pausa,0.0,0.418539,0.19
122,1f0f4db9013f1eb6829aecba28dccba467e0057cf06dc8326dd29cd80af6b266,play,A,play,0.131008,PLAY: score bajo umbrales,0.0,0.544844,0.13
123,c2e817d6f3c970b051b58b5747247166e5be85c66d0a145c6547e2006755ed97,pausa,A,play,0.187467,PLAY: score bajo umbrales,0.0,0.686103,0.13
124,aab65ec304751fdaf81faf289716c5b6fb98a600af8a97ad6b087a47a9b83a13,pausa,A,play,0.112111,PLAY: score bajo umbrales,0.0,0.403671,0.19
125,5e27ea3824b4919896f5798742f07466b32826be9f153a960d43d00d0d7437c2,pausa,A,pausa,0.20584,PAUSA: score combinado supera umbral pausa,0.0,0.296969,0.07
126,16f2160e72c9ebb3e8b89072fd90185e8a9aa06bdaa0e97073d3ff2b493bf0ec,pausa,A,stop,0.565687,STOP: costo esperado FN-stop supera umbral HITL,0.0,0.415166,0.74
127,b2d957f5eb92fb0773403a0efb4394b19269d8b1d0e79abbb7bcc0e335a2923c,pausa,A,play,0.079662,PLAY: score bajo umbrales,0.0,0.296969,0.13
128,9cc5035ad60603f6c3f30e49c7864410b78fb6bac15f0446d98554841950f20c,pausa,A,play,0.087021,PLAY: score bajo umbrales,0.0,0.307117,0.13
129,1f464cfedc6c0995dc47aab142139a846c9c4d3424199cc208ff91cbae53e119,pausa,A,pausa,0.237881,PAUSA: score combinado supera umbral pausa,0.0,0.426929,0.07
130,c1eb414f80c0371279b4da313a77cfd1eb400f9c7ca30d0a7db8ae1d49abea6b,pausa,A,play,0.134054,PLAY: score bajo umbrales,0.0,0.549046,0.13
131,3803e33027fbae562673bc69c1d54199a15d569afc0fd78f2259551329eb5c89,pausa,A,play,0.126845,PLAY: score bajo umbrales,0.0,0.602501,0.13
132,4078eabccb8d2b09ebd92730aea2de548c5f29369d981360a5e9e0cae3e916e2,pausa,A,play,0.064076,PLAY: score bajo umbrales,0.0,0.299296,0.07
133,78be80d67f15765d18ea2070d4d24cf6c169bf7b9600962c9a3cb1f091e7d35e,pausa,A,play,0.083158,PLAY: score bajo umbrales,0.0,0.411385,0.07
134,c4f8002b58a4a62b85a51cf813f762efaa240aa9d4acb476766804b29205909c,pausa,A,play,0.123671,PLAY: score bajo umbrales,0.0,0.534727,0.13
135,cf9f33f2901653672cdbdfd1d324332108a56ed4ed394f5b33ec9a113cd39e4a,pausa,A,stop,0.577933,STOP: costo esperado FN-stop supera umbral HITL,0.0,0.610564,0.68
136,fc86a1b64068397448a81139f4b4954a724a2628531168932b4437f3a94dcc0b,pausa,A,pausa,0.268875,PAUSA: score combinado supera umbral pausa,0.0,0.537143,0.13
137,f09b4758af99925fba656e45185d3716cacb6742a4796107612836fda0332a0b,pausa,A,play,0.080514,PLAY: score bajo umbrales,0.0,0.321965,0.07
138,94e53428e5da95696b0e513e88383c0bb528416a1674c2e5982d249a6373b148,pausa,A,play,0.151132,PLAY: score bajo umbrales,0.0,0.612173,0.19
139,8befe2ebeaa8ef6ea89e140bc97bd3740f239fa4938ffb0e8cd57c0df204d639,pausa,A,pausa,0.267209,PAUSA: score combinado supera umbral pausa,0.0,0.534847,0.13
140,d661ea2c83d44d137f448421cb0a7e8403a7b0fc714f8f9c115b897b57123bf6,pausa,A,play,0.082636,PLAY: score bajo umbrales,0.0,0.410665,0.07
141,e0eb90c6938cc0213974812ab91a55871687ede0d62630da977e35a024ff4a84,pausa,A,play,0.085935,PLAY: score bajo umbrales,0.0,0.415214,0.07
142,4b3e5959f588e29dc6a49bdae1d2462b1a257db837e835ce9a3854f076b509b2,pausa,A,pausa,0.231852,PAUSA: score combinado supera umbral pausa,0.0,0.30902,0.13
143,83dfc7b796f35e9f5c58c7fab8d126b656aea18eec6cb5a49e1fd42f70c8cd7b,pausa,A,play,0.113798,PLAY: score bajo umbrales,0.0,0.521111,0.13
144,4d61f383ee670a1b548759395ebde435c851d4683f2cb9451f23d96b758b7d47,pausa,A,play,0.191683,PLAY: score bajo umbrales,0.0,0.08374,0.07
145,c55f661ede9428b6aaf28e214362c7f181576a4bed26057fdafa9ac058c116fa,pausa,A,play,0.116081,PLAY: score bajo umbrales,0.0,0.524259,0.13
146,790d2fc54f352590b0233038db0cd18ed4376b415ee12e2d0e88be477abd4ce6,pausa,A,pausa,0.244005,PAUSA: score combinado supera umbral pausa,0.0,0.435376,0.07
147,0d5d9daaaa2c9e6fe697fef7990fac2bd22c073f2df820b348380589550df033,pausa,A,pausa,0.208866,PAUSA: score combinado supera umbral pausa,0.0,0.301143,0.07
148,3c4e8450147df5f1fddc0d5af0b04e38e041f0517f851e759da177f6d48276c3,pausa,A,pausa,0.226404,PAUSA: score combinado supera umbral pausa,0.0,0.411102,0.07
149,c75e4e29b1ac053fce58bb8d8c06a0ec422b4387901cae92f6abf642792ae228,pausa,A,pausa,0.234685,PAUSA: score combinado supera umbral pausa,0.0,0.312927,0.13
150,bf23019e3f0f0389498472c1b560d71c732de4bd034b54affa61745490c59540,play,A,pausa,0.270542,PAUSA: score combinado supera umbral pausa,0.0,0.60284,0.13
151,20768a24094fea993dca6801e66f07294023eeb30a7a5829f69be5177c1c2930,pausa,A,pausa,0.22708,PAUSA: score combinado supera umbral pausa,0.0,0.412034,0.07
152,43bc9e7111b85663bb7d0d52dfbff497b1d2cb67366e39974980406a8689fade,pausa,A,play,0.068004,PLAY: score bajo umbrales,0.0,0.304714,0.07
153,078a25e5184a253f3c12eb35f0bfd6686483cf48bc0d52bfa52cf76c0e8ebfa2,pausa,A,stop,0.557832,STOP: costo esperado FN-stop supera umbral HITL,0.0,0.404333,0.74
154,a8864f87f512dc4256f20efd6ce9f91dbf083ec3032c8a5f0e5da33b60b7dd81,play,A,pausa,0.272216,PAUSA: score combinado supera umbral pausa,0.15,0.426593,0.07
155,df91360fe4199fab490893652b27d79889b1059840985512014877f0047cad60,pausa,A,play,0.180081,PLAY: score bajo umbrales,0.0,0.06774,0.07
156,a1ba00ed858e4d9f8e8ba2bee484bd065794c38a694ff99e9e5ac42ba1bb89ba,pausa,A,play,0.119623,PLAY: score bajo umbrales,0.0,0.529144,0.13
157,bff1b2cb06bd9a5d2a2aaccb0a8d80f286ead842c0fc8a600d9a2c1fb4515509,pausa,A,pausa,0.232172,PAUSA: score combinado supera umbral pausa,0.0,0.309461,0.13
158,c7c6867d1bd1295fbec5aed1325ca155487dd865f9b9c109892be8d38d3e901a,pausa,A,play,0.08548,PLAY: score bajo umbrales,0.0,0.414587,0.07
159,2fa31ca7fb4abb0c94a521eace7a87775d46c4d008ea453b1ae2a3cad6facef6,stop,A,stop,0.542853,STOP: costo esperado FN-stop supera umbral HITL,0.0,0.056555,0.86
160,8964f187b2713616966c1f37532dadf07389ab5e07de6e1567afa554b5e96cec,stop,A,pausa,0.256621,PAUSA: score combinado supera umbral pausa,0.0,0.520245,0.13
161,af5351f6169d7313470537750bb49c9a571dfaf8d92f59dab5d02057bca389d6,pausa,A,pausa,0.267686,PAUSA: score combinado supera umbral pausa,0.0,0.598902,0.13
162,8e2aac88c2bf2c9268af13319e6532998c9610b08cc5d2b911d1a34c10d73ad6,pausa,A,play,0.081579,PLAY: score bajo umbrales,0.0,0.409208,0.07
163,5c7f8840cd640516902647cd74d35380e2d139f6447c5ca84c2d331f4d74c0b2,pausa,A,pausa,0.282077,PAUSA: score combinado supera umbral pausa,0.0,0.618748,0.13
164,f2db3eb5077966ab9c32185a3cfe901da90f3c93c668731033ad1d9cce5aaab7,pausa,A,play,0.180965,PLAY: score bajo umbrales,0.0,0.068959,0.07
165,eaac27faa5dc9a64612c86569ed7fa7bf1d9e9cba474fafe39cd88d93c36bbbc,pausa,A,play,0.138352,PLAY: score bajo umbrales,0.0,0.61837,0.13
166,2189040f771a50d85e4b8b8185ef5211a64d452db8ae66dab59f3cb42156c5c5,stop,A,play,0.14814,PLAY: score bajo umbrales,0.1125,0.596103,0.13
167,312bfbfe1acc6b2c3ff39cb55adc03a69090d76adf0e1599d7327f44df15588c,pausa,A,play,0.12183,PLAY: score bajo umbrales,0.0,0.532187,0.13
168,f780bd02a2874ac5384ed1137dae5f528c6877fd5672e83c3340277d4fcd442b,pausa,A,pausa,0.221015,PAUSA: score combinado supera umbral pausa,0.0,0.403671,0.07
169,e98a772a1e0df357911c12d41b3d9e6f19e6369219ba67d44ad0e274ae082358,pausa,A,play,0.084045,PLAY: score bajo umbrales,0.0,0.412608,0.07
170,fb68b66c15d7eb6e34cd4a8175ca357dc738990ee62ac7f77c848d5ee8d07f1e,pausa,A,play,0.038205,PLAY: score bajo umbrales,0.0,0.069912,0.07
171,95100536e9cc3399a2f22fa1a1c5e18a69ba139f870fbe3de7ced1f01ec718fd,pausa,A,play,0.081354,PLAY: score bajo umbrales,0.0,0.408897,0.07
172,11ef8f3300ff8768163a9d38f8f02d9317296c0e79564da834a6a55926d9a857,pausa,A,pausa,0.226784,PAUSA: score combinado supera umbral pausa,0.0,0.411626,0.07
173,6f077b5176e8dabc622a4c6a7d24588b8f89556d70b4a046c95f65052dd20815,pausa,A,play,0.082324,PLAY: score bajo umbrales,0.0,0.30064,0.13
174,0882e3d4dc3a214640501eec7159a8cc5b55c48aac4f11d80aa0900707daacd8,pausa,A,play,0.129659,PLAY: score bajo umbrales,0.0,0.606381,0.13
175,1af8cedd0b4c7e282755e2bda9702387c802c40a9e709361817bcbed1fb88e30,pausa,A,pausa,0.260693,PAUSA: score combinado supera umbral pausa,0.0,0.525861,0.13
176,ab1d026695d075009da5d80f893df53ed1350b3357157da5bbd9767a5d9c1f70,pausa,A,pausa,0.258385,PAUSA: score combinado supera umbral pausa,0.0,0.407564,0.19
177,24be95bbad0c65ef58a4fee89696cc629e0feb1302cda210938ed94ba1ea2c62,pausa,A,pausa,0.235121,PAUSA: score combinado supera umbral pausa,0.0,0.423124,0.07
178,79fe8fed852b1c27af8e0efc3e5f8938e81780684d07669a917193f252688733,pausa,A,play,0.030176,PLAY: score bajo umbrales,0.0,0.058839,0.07
179,30f2f38e693f571970ca7eec8c85d902ddffd655cf98d57673f3173a0ab1c604,play,A,pausa,0.22532,PAUSA: score combinado supera umbral pausa,0.0,0.409607,0.07
180,054a02c0458463c056eae1a13c6afed93ebdf275acd2f9341b33b4cb1678637a,pausa,A,pausa,0.233503,PAUSA: score combinado supera umbral pausa,0.12,0.296969,0.07
181,7ea7e774e68d31b9aa24f5ef3f538bf4ef72dd01a5612662df55605bd50e0fb4,pausa,A,pausa,0.225825,PAUSA: score combinado supera umbral pausa,0.0,0.410304,0.07
182,7d2457318732ecac6a1e3bfce38f1ab2d11d495f381176874a73ee2a3390aa1d,pausa,A,play,0.187467,PLAY: score bajo umbrales,0.0,0.686103,0.13
183,41fe57eedde9120aa6a906e899c6e7aef9c55cbfda7000aaa48b0f041c629323,pausa,A,play,0.128085,PLAY: score bajo umbrales,0.0,0.540815,0.13
184,76849d9c9767d1941f66a158f8f92e0d4a0db8ddbfc077a340ebfa6f813b7285,pausa,A,play,0.083386,PLAY: score bajo umbrales,0.0,0.411699,0.07
185,9968a6914f1ac3f7bd3bd86a3e22037806fa24e771224d0c68a2a68a4485e333,pausa,A,pausa,0.21082,PAUSA: score combinado supera umbral pausa,0.0,0.303836,0.07
186,9b7531747f2c67fbcc42c2558a2ebb37d25caa210b32e831b4f76e9f479619bc,pausa,A,pausa,0.235636,PAUSA: score combinado supera umbral pausa,0.0,0.314239,0.13
187,8700e20ad910014504582e0b3b5a6849d0168a2460723b274b962ea9da84eb51,pausa,A,play,0.187467,PLAY: score bajo umbrales,0.0,0.686103,0.13
188,a688f5425c26a6fb4e7ba1a5e2c7883626070f0ffb2467f46386957a3221ac6e,pausa,A,stop,0.562538,STOP: costo esperado FN-stop supera umbral HITL,0.0,0.410823,0.74
189,2eed7068a10aad6f74b05cf3756cfaf4e15176358853d177acdcf40b1094af08,pausa,A,stop,0.61983,STOP: costo esperado FN-stop supera umbral HITL,0.335667,0.056,0.86
190,9012cc4085bbe5c5cb4e7dd5688878dc303be06e233dfaece8235b7af022b90b,pausa,A,pausa,0.25643,PAUSA: score combinado supera umbral pausa,0.0,0.519981,0.13
191,ebca99b4e45a0ec70fb730bacafcd10031e6517b9b89ff021bb4b7a9cb19766a,pausa,A,play,0.130209,PLAY: score bajo umbrales,0.0,0.543743,0.13
192,76d0e4b44fbd50287c58f93991cf22c8bf75ffacc641c4917e488eb6ac6dfabd,stop,A,stop,0.625222,STOP: costo esperado FN-stop supera umbral HITL,0.335667,0.063436,0.86
193,fb3a020fc6d534aabdeee9bef42129e9355eeee66f2ab3a180749cc58701807b,pausa,A,pausa,0.279034,PAUSA: score combinado supera umbral pausa,0.15,0.435996,0.07
194,b601d8fb65cb053920c3e134f3de149011a59f15a966f639435603c8343f378e,pausa,A,pausa,0.211008,PAUSA: score combinado supera umbral pausa,0.0,0.304097,0.07
195,c6a735cb809dcd4a6462dada289ed44ea04fd984e9df1c81e2bd5e812ea66e7b,pausa,A,play,0.187467,PLAY: score bajo umbrales,0.0,0.686103,0.13
196,abb1771a66f85cc3ff7e68deef6abf96b0f6427f5e1569aee4893103af8c3982,pausa,A,pausa,0.275879,PAUSA: score combinado supera umbral pausa,0.0,0.6102,0.13
197,b2c5114ea9bc86274267f1a83162701b9b40041ec12d1de78a6102ffee1e4385,pausa,A,play,0.147865,PLAY: score bajo umbrales,0.0,0.607667,0.19
198,178909a6e146ce938cc961b05c4f3c086d0bcb06a4f623f50055a63612e033ed,pausa,A,play,0.140705,PLAY: score bajo umbrales,0.0,0.621615,0.13
199,1492a1c6d9ebbb5a8bb95fbddcf09058742d99b815fb45a029b53f94e71da7f1,pausa,A,stop,0.576449,STOP: costo esperado FN-stop supera umbral HITL,0.0,0.5213,0.74
200,34bf9c326c08790688d89b36b496c52e9339e2bf82e06f94bca42edb9f37ae6c,pausa,A,pausa,0.260987,PAUSA: score combinado supera umbral pausa,0.15,0.411109,0.07
201,163672df4d2fa4877375bdc995c1ba48cd548386d7f1f5b5b548e9f9b8a12adf,pausa,A,pausa,0.223107,PAUSA: score combinado supera umbral pausa,0.0,0.406555,0.07
202,5c5048ab5587f8768830e1eca315febbbd176879c918bbcddbf0eba721f2bf69,pausa,A,pausa,0.256787,PAUSA: score combinado supera umbral pausa,0.0,0.520474,0.13
203,3c6b31bdf010c00c54723e08aa5f6e5ed6a8c30f471c0f7e0354cd8794335344,pausa,A,pausa,0.221015,PAUSA: score combinado supera umbral pausa,0.0,0.403671,0.07
204,b5ecac7b34a1a1075fe4874535254b206ad5512c7e279ba108a436d6634830d7,pausa,A,pausa,0.26365,PAUSA: score combinado supera umbral pausa,0.0,0.529939,0.13
205,7e59aec32a35cb63d6c4c6ac35fdf87a7b19315c9f0b3b56afa8f55ede8d6e3f,pausa,A,play,0.129538,PLAY: score bajo umbrales,0.0,0.606214,0.13
206,5038fd3290cc7bbec4ac4640a70d2200097d887006ce6f7b0dd9c9fa8f325a33,pausa,A,pausa,0.274771,PAUSA: score combinado supera umbral pausa,0.0,0.608672,0.13
207,a36c562436028006f3f931abe4f20ab448cee1f5412d8b352f01041869382ba3,play,A,pausa,0.227233,PAUSA: score combinado supera umbral pausa,0.0,0.30265,0.13
208,69860f3fb6b44a1afff5e38d13fc7f909ab7ddb029e22c2d94690eeba903f45e,pausa,A,play,0.092661,PLAY: score bajo umbrales,0.0,0.314896,0.13
209,317cebcc884449e17b6cbb2b7a92a38d1a6f8e9a7eb88f41c5ed6563e623e066,pausa,A,pausa,0.227367,PAUSA: score combinado supera umbral pausa,0.0,0.41243,0.07
210,62598dd1638dae3538b77df625d966210f0576f2e5ed200a1086a93e80826c84,pausa,A,pausa,0.28168,PAUSA: score combinado supera umbral pausa,0.06,0.535728,0.13
211,fbf5a9d86b0435c0c2720a64c4a39c6ffe665671daab502e1ff5e0ce25531a82,pausa,A,play,0.077564,PLAY: score bajo umbrales,0.0,0.403671,0.07
212,9d02dca510ffeb3d4449b4a25a6edc34677af32d2afa161a177b8343fb47b3a9,pausa,A,pausa,0.224119,PAUSA: score combinado supera umbral pausa,0.0,0.298356,0.13
213,1adf80ca43d917e520f8a1fb9b09fa256608e2731ac706a91707ca17183eb29e,pausa,A,play,0.084227,PLAY: score bajo umbrales,0.0,0.412859,0.07
214,32ea74afd7376a08a8d3c28bdcff46d75bc65f13678357a44dfa7da0e4f53d52,pausa,A,pausa,0.225893,PAUSA: score combinado supera umbral pausa,0.0,0.410398,0.07
215,aa24c2d21c50879261603984bad34075069af1bddd56d6a3c972090b21aa0cad,pausa,A,play,0.083187,PLAY: score bajo umbrales,0.0,0.411426,0.07
216,c0909f841bfaad4ea32046ac1724f8e55e7d0ec64fd45ff3adcf2c768587e235,pausa,A,pausa,0.221015,PAUSA: score combinado supera umbral pausa,0.0,0.403671,0.07
217,a5c879ec847c506f32b1ff41f9c96912c4a103eecbac90ebfe037d699f39ae85,pausa,A,play,0.07419,PLAY: score bajo umbrales,0.0,0.313244,0.07
218,db94c8cb0da8432d50068e2907d000ebcc7e85c68138f9fd33e005b85f9585e4,stop,A,pausa,0.248607,PAUSA: score combinado supera umbral pausa,0.15,0.308262,0.07
219,3c23a88240788a6cab4951b597076c7fdd83ceaa56001b9d942ad031cd6c4a5f,pausa,A,play,0.13924,PLAY: score bajo umbrales,0.0,0.619595,0.13
220,2749d02a325d97d7e43895648a5e3d79988c2dfa9d9efaca457a2786b8a5961f,pausa,A,pausa,0.269325,PAUSA: score combinado supera umbral pausa,0.0,0.537765,0.13
221,9eba628a492d271f995c3d31403c70e0b298999f263351de038291a6d5b1eec9,pausa,A,stop,0.568598,STOP: costo esperado FN-stop supera umbral HITL,0.0,0.309585,0.8
222,3b7d81340ef1129a03dbc67ac3c1154316c76f42a4db80dc178d62bec445c4e2,pausa,A,play,0.09335,PLAY: score bajo umbrales,0.0,0.425441,0.07
223,709f485136a3c2d639a52a4eb7edd89ee9906fffd5125d1d9a7d5a8015a2b268,pausa,A,play,0.187467,PLAY: score bajo umbrales,0.0,0.686103,0.13
224,5dbdd2c0f3388cc9f26c75b54f5681bb4af1e75a29a18496690cf55676fc9525,pausa,A,play,0.088358,PLAY: score bajo umbrales,0.0,0.418557,0.07
225,f36788ba330b5f5c4348ec156410d33a95bd7c1134fbbb8bcdc83565bca70872,pausa,A,play,0.187467,PLAY: score bajo umbrales,0.0,0.686103,0.13
226,0a0b6f265ce5869906b5f59658f63bcea9b192f8a1793acedb58ab9687f20550,pausa,A,play,0.114677,PLAY: score bajo umbrales,0.0,0.522323,0.13
227,26939377f44c2fb2a579c2cc5dfbcaa5ce7a8345bbe62ee1e2a4dfc788557f78,stop,A,play,0.097781,PLAY: score bajo umbrales,0.0,0.431552,0.07
228,47348fccc8c9f3a3bdc291169e76b60a897a5738755b31d0f5baeb00718582aa,play,A,pausa,0.210446,PAUSA: score combinado supera umbral pausa,0.0,0.303321,0.07
229,3bc12ea5911c6a743716737c8a0abf288318cec5f6b29e5abcea106c118e6706,pausa,A,pausa,0.259668,PAUSA: score combinado supera umbral pausa,0.15,0.409289,0.07
230,6be69a87b0c5f9cecd390be5b62a0cec4b40021c0ae2ab58a07977d9a5017d48,pausa,A,play,0.147118,PLAY: score bajo umbrales,0.0,0.606637,0.19
231,7e11540737728acbea5b84a73f16a4c66c4efe23741eac10298d0a84cfb4a496,pausa,A,pausa,0.224202,PAUSA: score combinado supera umbral pausa,0.0,0.408065,0.07
232,4bede0fd5174db17d4c031c2bd0bbc7f7356ae49f102bb5735ddde7c7764bb3a,pausa,A,pausa,0.222419,PAUSA: score combinado supera umbral pausa,0.0,0.405606,0.07
233,89cff7709759a822034aacfd8ade8ac793e08839a7950333dde1677ec467b74d,pausa,A,play,0.093901,PLAY: score bajo umbrales,0.0,0.4262,0.07
234,fa36705054f35377b5d814b60f42efb1fe5afeb6e8545b54a9af290b5ff077b9,pausa,A,pausa,0.337535,PAUSA: score combinado supera umbral pausa,0.335667,0.410005,0.19
235,5cee507710ed7385b23c794f5724e7c1e465cee5da5d65a2b6c26bf89ccafc94,pausa,A,pausa,0.272751,PAUSA: score combinado supera umbral pausa,0.0,0.542489,0.13
236,661428a0e32b9c3b03394b2e5aa0a8578ff858a3d8b762883455a037c736e59a,pausa,A,pausa,0.254441,PAUSA: score combinado supera umbral pausa,0.0,0.517238,0.13
237,45e714a6a93822e75a4a2c6319e0b9c04c64a3f74b7813a0cdc380f6cdecbecf,pausa,A,pausa,0.257887,PAUSA: score combinado supera umbral pausa,0.0,0.521991,0.13
238,4ead21be24c0811e2bb544f80a0366f6af26e4e5c4e5054bc27f32900886a18d,stop,A,pausa,0.22397,PAUSA: score combinado supera umbral pausa,0.0,0.407746,0.07
239,0c35e6155a94c3d5bf9e62638a946d11b9599b28ed46067c7826a078862288e9,pausa,A,play,0.086276,PLAY: score bajo umbrales,0.0,0.415686,0.07
240,027475ed0871a18a075d18b5f99065c37e4516995e4ffac36308908de84d13c3,stop,A,stop,0.54245,STOP: costo esperado FN-stop supera umbral HITL,0.0,0.056,0.86
241,e967ad2d270819c0e2c846cc9f3569e5532e6e4e688b3c9a34cae24d32cd2027,pausa,A,pausa,0.287059,PAUSA: score combinado supera umbral pausa,0.06,0.606544,0.13
242,e205d491b339d65017db2aaabec3f8940e51b9eaccd10ae9920671a613170283,pausa,A,stop,0.562208,STOP: costo esperado FN-stop supera umbral HITL,0.0,0.410369,0.74
243,c168a72c7fb2c6afa00f79341d7a6451743c6483370693b2213e870d8c8d7a20,pausa,A,pausa,0.260736,PAUSA: score combinado supera umbral pausa,0.0,0.52592,0.13
244,16dfba87efb823f8f11ad5f43976c71aea6340474908838cd367522d0d3c9ce3,pausa,A,stop,0.544356,STOP: costo esperado FN-stop supera umbral HITL,0.0,0.058627,0.86
245,eb104173ae9d4c4d8afaf7f3cd0616a9b3c1f5a2c0484d042a7b129561bffbb7,pausa,A,pausa,0.267355,PAUSA: score combinado supera umbral pausa,0.0,0.535047,0.13
246,960cb1531376846cc63bf081b850a483e5f0581fcdbc511555f965fdbe4f1eac,stop,A,stop,0.560908,STOP: costo esperado FN-stop supera umbral HITL,0.0,0.29898,0.8
247,13af74b742af8ea491bd07c2e9ee5a44ff189a7396b9dcd126a12b7d19336e3d,pausa,A,play,0.187467,PLAY: score bajo umbrales,0.0,0.686103,0.13
248,90744435f823e50d2db65ec8b33d63fe5eb366d4337432eeb6b7efe3e0020680,pausa,A,pausa,0.270197,PAUSA: score combinado supera umbral pausa,0.0,0.602364,0.13
249,db3fe3943a3dec13fdb47d1471be249416facc819b20dac2ceea50f000def945,pausa,A,play,0.064115,PLAY: score bajo umbrales,0.0,0.299349,0.07
250,c88778947036a97a1c73ea1e1e922eb12dc4d7fafd136a6fe1197a395fbb8fef,pausa,A,stop,0.584308,STOP: costo esperado FN-stop supera umbral HITL,0.0,0.532138,0.74
251,4f9965b647d1d7ebccb5fa2d13f2e0bf0d6342824c9a8a0f834ff431720f8902,pausa,A,play,0.133816,PLAY: score bajo umbrales,0.0,0.612114,0.13
252,05f850e30f1066f18ad2eab938130bc37957ef93ab3ddf0a7ca9e9236152f1af,pausa,A,pausa,0.289578,PAUSA: score combinado supera umbral pausa,0.06,0.546621,0.13
253,c29eddb642fdcba47c13423f2051ed6de17a6d9a18364a2d29bc3f5f49ccf449,pausa,A,play,0.138287,PLAY: score bajo umbrales,0.06,0.535809,0.13
254,4e5dc4208fe47f7a2213040fdb46a4732f627bf39e6a76b848acf931b9820f69,pausa,A,pausa,0.261241,PAUSA: score combinado supera umbral pausa,0.0,0.526616,0.13
255,620acff0875b40b9d76f409a852793c22b8aed4feb47ae4026b6544c1b22d7eb,pausa,A,play,0.187467,PLAY: score bajo umbrales,0.0,0.686103,0.13
256,0c44744efe7b3c3c787df86563459ccc7a132f0f0d789068f9da2013bf908ab8,pausa,A,pausa,0.228576,PAUSA: score combinado supera umbral pausa,0.06,0.309249,0.07
257,e63de7c84d899d7e9bc6b11b04d2684d3b78a3dbe7ed8b6e726eca9502af6d8a,pausa,A,play,0.187467,PLAY: score bajo umbrales,0.0,0.686103,0.13
258,fc6f3eb84acc8ab293adaf6475b7f1971365aac268beb00a94aca6d63f940cbb,pausa,A,pausa,0.223987,PAUSA: score combinado supera umbral pausa,0.0,0.407769,0.07
259,38545f172463cdda694285488d0eff85e7cfe5e8bd8f7d2e87fb301256a545ed,pausa,A,play,0.077564,PLAY: score bajo umbrales,0.0,0.403671,0.07
260,b37ef8bb9e8aea6389ebaec8eadb1544c3a2977e45d98eb07a7f3d2ba0684fde,pausa,A,pausa,0.226957,PAUSA: score combinado supera umbral pausa,0.0,0.302269,0.13
261,546b2c4ca8544cf936d71095f3e4a089a278f8b8d921c7a4dc72201f0c7d5c39,play,A,play,0.086846,PLAY: score bajo umbrales,0.0,0.416471,0.07
262,3b4ef53480bc78649b57d8895e021c0bf9906ac44b562096a73962bcac1be380,pausa,A,play,0.128994,PLAY: score bajo umbrales,0.0,0.605465,0.13
263,23b57056a9b1330b0ec513dfb71d60ad1a0dfa97b295da6b87e09526acd9916d,pausa,A,play,0.122601,PLAY: score bajo umbrales,0.0,0.533251,0.13
264,b2875ffbadb0fc2578b7e04e4051d533645a5b01b7b4c602f5ebaac7f088e0cd,pausa,A,play,0.187467,PLAY: score bajo umbrales,0.0,0.686103,0.13
265,77db23f76871567d3c22e8ab8a22ddf677ed315b17381db16a6b55aed4dd4357,pausa,A,stop,0.574887,STOP: costo esperado FN-stop supera umbral HITL,0.0,0.519146,0.74
266,aba8b9553c4c3d26f8eeb932b64911860c27836bcc1d63bff3c739a6b03c0577,pausa,A,pausa,0.224742,PAUSA: score combinado supera umbral pausa,0.0,0.299216,0.13
267,ff123f925c04598f28748e249e8a4e2ea2ed3bf9aae1713420f312e4945afd38,pausa,A,play,0.089559,PLAY: score bajo umbrales,0.0,0.420213,0.07
268,109a5fcbb0e30f20469eca0ca453fab9c458da30625b8d3317b38c68cdb18f0e,pausa,A,pausa,0.230268,PAUSA: play con incertidumbre alta,0.185667,0.686103,0.13
269,e2ba3ad14369f2083a8e8f6b45d0b0b0eeb423ae480e817785a0266dec250c50,pausa,A,play,0.038434,PLAY: score bajo umbrales,0.0,0.070229,0.07
270,941e279fe4cb0c7de6c267e37ad5bcefb45c1bcdfed08b2d85cd0983aae3395b,pausa,A,pausa,0.286259,PAUSA: score combinado supera umbral pausa,0.0,0.600693,0.19
271,e466aa34f1fee6eddc198b8a436fb8480574d59c4ce6904298c64521232a09cb,pausa,A,pausa,0.264975,PAUSA: score combinado supera umbral pausa,0.0,0.531766,0.13
272,b468c58dbed16c644ba539e8604d11bc57da77e09be6de6a0aca5808812a86e6,pausa,A,pausa,0.226032,PAUSA: score combinado supera umbral pausa,0.0,0.41059,0.07
273,3a5b76b5f89d3df7310a91029d6741c0201f3f0754e5c0c7a8c87963ff1de341,pausa,A,pausa,0.240074,PAUSA: score combinado supera umbral pausa,0.075,0.406111,0.07
274,f3274d640645681a4226c5153fde08204ae66e72bcb8622ec46507487cc8b69b,pausa,A,play,0.08092,PLAY: score bajo umbrales,0.0,0.408299,0.07
275,038bb95919de3dccda33302cd38a983ce2aa572d746cc989aecf39f4206a2f2d,pausa,A,pausa,0.221015,PAUSA: score combinado supera umbral pausa,0.0,0.403671,0.07
276,c126d2062e11518be639c124996082ff764f0824cad85f9d4892a194440a42b0,pausa,A,play,0.072417,PLAY: score bajo umbrales,0.0,0.310799,0.07
277,3afc3a413c9720c7de37e0ff5a7b2fb359405fbf9c7eb2eca038aa6d3daa06fb,pausa,A,play,0.062388,PLAY: score bajo umbrales,0.0,0.296969,0.07
278,6f1a18deb9ce3ac28137edb6c81543a4e5552083c0e3066cdc756edc570e0344,pausa,A,pausa,0.23486,PAUSA: score combinado supera umbral pausa,0.0,0.422763,0.07
279,81529d75c7a7dd1cd30819d510bc6c52324ab89a5e9e68e330ef65c34f93ea75,pausa,A,pausa,0.217034,PAUSA: score combinado supera umbral pausa,0.0,0.312407,0.07
280,81e795179cad1652ea0ad25ddbe3fbbfebb31e52cc9ac230c554e9d6c36ffda2,play,A,pausa,0.234901,PAUSA: score combinado supera umbral pausa,0.0,0.42282,0.07
281,e6b1729aa2032bb78d6426b01a461a55d8fa894b88ee99221e69c3cdc33f6e00,pausa,A,play,0.077564,PLAY: score bajo umbrales,0.0,0.403671,0.07
282,3df60837c60dbc6e22da783114380d72ee85da08796eb6d79b3bf178cdc788df,pausa,A,pausa,0.221015,PAUSA: score combinado supera umbral pausa,0.0,0.403671,0.07
283,e5883cae55dca1667c754deeeab4e601e9d5e5866615870cfff3f6865450de08,pausa,A,play,0.135293,PLAY: score bajo umbrales,0.0,0.614151,0.13
284,0e5a9c08c96c71709860e63684aa03e12451804f060bb8fda8bd8e9a35460784,pausa,A,play,0.122354,PLAY: score bajo umbrales,0.0,0.417797,0.19
285,e202aa05894906653558aaff19fed832680d8cb17da7bc7fab9f91ba927df487,pausa,A,stop,0.565958,STOP: costo esperado FN-stop supera umbral HITL,0.06,0.069344,0.86
286,fc7733c85e559840d64911d4ddebd3fe9581a18d23c89983adb1dcc2a43542aa,pausa,A,pausa,0.227694,PAUSA: score combinado supera umbral pausa,0.0,0.412881,0.07
287,302c1f85595999acd2480bd651e164d6a4c63299b439cf03cb0b46ec8385a7f0,pausa,A,play,0.138621,PLAY: score bajo umbrales,0.0,0.618741,0.13
288,ddaef04dec17d497ff6af063502f72a48207a4afc02a410fe39cfb4e0a678cc3,pausa,A,pausa,0.262054,PAUSA: score combinado supera umbral pausa,0.0,0.527737,0.13
289,07b966ef42125793850653859d88dcf5a11402bc8d7f124c7c24dca84ff42085,pausa,A,play,0.113709,PLAY: score bajo umbrales,0.0,0.405875,0.19
290,5bad99cd584287859c765954cd2ddee3bc20a41e73a5b82edc32b34979582bf8,pausa,A,pausa,0.260808,PAUSA: score combinado supera umbral pausa,0.0,0.410905,0.19
291,8fe033e6f5162e63a4c15187bfbb9a2e269aaaef50861f774e881caf24a4aba2,pausa,A,play,0.088228,PLAY: score bajo umbrales,0.0,0.418378,0.07
292,08a8753bf7eff533adaaafef1ac4381b76821561583fc47a7575b1745d248b06,pausa,A,play,0.062388,PLAY: score bajo umbrales,0.0,0.296969,0.07
293,ee7f2eda665d9e63a2e8d15c8dd30c82123e1fd21937ac6817c8262c49415a7e,pausa,A,play,0.122107,PLAY: score bajo umbrales,0.0,0.532571,0.13
294,0a6a27d95d8631292f8c0291dd2e7fda440ab4b6980cc8d3d7208d521ce2238b,pausa,A,stop,0.623586,STOP: costo esperado FN-stop supera umbral HITL,0.335667,0.06118,0.86
295,9954363959fe20196d514c4871085a2f5e805d6a7ca589105f7c6faf5e9224b4,pausa,A,pausa,0.258923,PAUSA: score combinado supera umbral pausa,0.0,0.523419,0.13
296,299cc207ad60dd38ae6a66b3308766f6bb86d35f6711e617c6e39704a1cc6093,pausa,A,pausa,0.263148,PAUSA: score combinado supera umbral pausa,0.0,0.529247,0.13
297,0eb588ffa92d8390744885e32f8c9b737562f378f6eada53b4cefe480a398faa,pausa,A,stop,0.567447,STOP: costo esperado FN-stop supera umbral HITL,0.0,0.596103,0.68
298,6b2d268cb45906267168f1de88541cb12e32bbafdc60f633d071953c5b067fe2,pausa,A,pausa,0.239635,PAUSA: score combinado supera umbral pausa,0.0,0.429349,0.07
299,16d21074d7444a05bc48046246315c7d35ef0410dffd78d79893e4e8ef4459a2,pausa,A,play,0.150115,PLAY: score bajo umbrales,0.0,0.610771,0.19
300,ac9e40e3f8528fa8a1638d28b4aa6f0e870fa3c4e0f1814e27be8debdd348958,pausa,A,stop,0.561086,STOP: costo esperado FN-stop supera umbral HITL,0.0,0.299226,0.8
301,50d2ef31ae8ef096f1e6ba4228819bdfdaa59f46fba7ea36c9b8f87a93995d9c,pausa,A,stop,0.61983,STOP: costo esperado FN-stop supera umbral HITL,0.335667,0.056,0.86
302,2dd6f3d3960624ee67a2fe9ae4a8b477669609690ad54a1f33f75b9d24fe544c,stop,A,stop,0.623764,STOP: costo esperado FN-stop supera umbral HITL,0.335667,0.061425,0.86
303,264a00501b6fd99a06f166f64a776d13f93339f26d242050592fbd4cfc2e56e8,pausa,A,pausa,0.292241,PAUSA: score combinado supera umbral pausa,0.0,0.608943,0.19
304,527906d9b3faa51f4dbddc0f0edf56ecd8060a0130fec27fd1ae36b31018fe83,pausa,A,play,0.087515,PLAY: score bajo umbrales,0.0,0.417394,0.07
305,786c1dd04bcd435ff7f95195a5f075662a45dfd80a465d988e7b86ebd4871a59,pausa,A,pausa,0.274771,PAUSA: score combinado supera umbral pausa,0.0,0.608672,0.13
306,af4f5c14edaf2e8b4341ba31b4aa0b79c7cec24729dc58f4352fd2a24fb27eaa,pausa,A,pausa,0.20616,PAUSA: score combinado supera umbral pausa,0.0,0.29741,0.07
307,3ae13c8d66431f7560b91e241af8bcbb09b1d857ddc59b033463ef4c47b92a6f,play,A,play,0.042052,PLAY: score bajo umbrales,0.0,0.075218,0.07
308,240a6bce342f9e7762e661ec1dec0caac20b353782f99c55924417e64100cff4,pausa,A,pausa,0.254441,PAUSA: score combinado supera umbral pausa,0.0,0.517238,0.13
309,e12e6134c44d2a38c0aa9dd00ebcd3dcbc0d76546e4aa13007122c3c50e95dd6,pausa,A,play,0.068114,PLAY: score bajo umbrales,0.0,0.304864,0.07
310,781aba4f60bc9014674505b3ee859a338f601c7a2b9e80e68d7d949c7cd8bea6,play,A,pausa,0.226418,PAUSA: score combinado supera umbral pausa,0.0,0.411121,0.07
311,50df4849e1e5107a65cb526815710b964adfed4e1988b57c3c221413be0d2234,pausa,A,pausa,0.265657,PAUSA: score combinado supera umbral pausa,0.0,0.596103,0.13
312,3a766e99381441db9b764479b45571b4bb2f7ea0e41a697e6accbcaf4c851fd1,pausa,A,play,0.083434,PLAY: score bajo umbrales,0.0,0.302171,0.13
313,82a6b4eaafe5af9acd4814932fa159a69237e3633487b95590b95c6671f5d663,pausa,A,play,0.123714,PLAY: score bajo umbrales,0.0,0.598183,0.13
314,44ce8b782174a468aa471d06b51bb867f9fb807fa47ee6fbd553995d22eef08c,pausa,A,play,0.187467,PLAY: score bajo umbrales,0.0,0.686103,0.13
315,ee7142a3feae2c5b4d1c6ed1dfc0828005092b7ae7d75e288bec088b9cfd4add,pausa,A,play,0.091812,PLAY: score bajo umbrales,0.0,0.313724,0.13
316,eb14f5514805a51eacb0af12e690c6625e796a5a74c268dddf3767ad4945be36,pausa,A,play,0.04183,PLAY: score bajo umbrales,0.0,0.074911,0.07
317,5950aeefbcd88f2c08bda690437e3b9d19b8916a81b589219c714026f77217b6,pausa,A,play,0.172593,PLAY: score bajo umbrales,0.15,0.554507,0.13
318,2f3a2a2621f1a0a890f23798ea1a827297c40083b74d5ea4f05e08a65a85043e,pausa,A,play,0.11099,PLAY: score bajo umbrales,0.0,0.517238,0.13
319,27c98ec4585ce1d5b545a4839e354dfc61318d5a588bba20aa7607fe2c0e7fb2,pausa,A,pausa,0.225319,PAUSA: score combinado supera umbral pausa,0.0,0.300011,0.13
320,f471e869b897c40970ecad3e7dccffb45b01202fdaad2b20de89900ee099b16a,pausa,A,play,0.079662,PLAY: score bajo umbrales,0.0,0.296969,0.13
321,d7469d2fc8dbb4b0c26f4f742edd3cf214a8c5998c3d0e85e9bef216685947a4,pausa,A,stop,0.565347,STOP: costo esperado FN-stop supera umbral HITL,0.0,0.305102,0.8
322,a49d8a8cdbc6d07991e96b689b500e11d6a8366c882434bcd67132b6e1753018,pausa,A,play,0.085879,PLAY: score bajo umbrales,0.0,0.415138,0.07
323,941d29fd7c4354242b72268ca2f0303df61f9d6a722179067e08233d70a37f64,pausa,A,pausa,0.208138,PAUSA: score combinado supera umbral pausa,0.0,0.300138,0.07
324,8c25b6baac9a2e353c1f7b390db0d4585c8ae90de5486b765131d1e38a5e58c2,stop,A,play,0.08567,PLAY: score bajo umbrales,0.0,0.305255,0.13
325,a2fc1798212b31cace9fc5c748dc19193f15e1d43b24ce06d362509961cd80b9,pausa,A,play,0.086949,PLAY: score bajo umbrales,0.0,0.416613,0.07
326,54fbd34cb00461b7490364e3016d3eb8368e3fd9e5cd2f3dd77a11501b65cf0c,pausa,A,stop,0.582426,STOP: costo esperado FN-stop supera umbral HITL,0.0,0.616761,0.68
327,3efc314aa8abacb8f732e991fefe05cea4e5235a806ba28a84fb2af22ea57674,pausa,A,pausa,0.226193,PAUSA: score combinado supera umbral pausa,0.0,0.410811,0.07
328,ee28bd0218d70c1f7a117b27ad1bbbcbe3079325a1690824639a5dd592a94917,pausa,A,play,0.08032,PLAY: score bajo umbrales,0.0,0.407471,0.07
329,cc8bbcfeca8e56e22e12b3c47bd0f8255314407fc0a9049ccb8549be8583f023,pausa,A,play,0.132016,PLAY: score bajo umbrales,0.0,0.609631,0.13
330,b0e3d43dbbf1f4b62d7ae36b08a2023c8ba8763148034cd99fc036d9dcc8c40d,pausa,A,play,0.079662,PLAY: score bajo umbrales,0.0,0.296969,0.13
331,0af94b83a8a1846ba48dbdee54faad7b7a486396a1632cb09e9bb789a44a00c9,pausa,A,play,0.122206,PLAY: score bajo umbrales,0.0,0.596103,0.13
332,7410fc36e22307782ad263d4482fa482dcdd492c06cc6a8809cfc1abc0f41f2c,pausa,A,play,0.131863,PLAY: score bajo umbrales,0.0,0.609421,0.13
333,f4e9af069887e87cabe68ed5c846f4b290dc4abf973a0398c14a51c59a31232d,pausa,A,pausa,0.226369,PAUSA: score combinado supera umbral pausa,0.0,0.301459,0.13
334,fd7f1b71ec451476de077c216cf12cc3906c393bea5c6f159797a8479d46c224,pausa,A,play,0.079662,PLAY: score bajo umbrales,0.0,0.296969,0.13
335,a79af94d5179033d51bf581bbc88ef662f01725772de814fa6caa3ccf671410a,pausa,A,play,0.116675,PLAY: score bajo umbrales,0.0,0.525078,0.13
336,061f3d6baee8793080f4d6ad0ec5725aa96040d55c6a41a4cdb7df7393cf81f0,pausa,A,pausa,0.288521,PAUSA: score combinado supera umbral pausa,0.0,0.603813,0.19
337,c9f9feb7b083cc783de11431e9fa9573f5f4c3fa3d7bbc57c43d97ec6076ce28,play,A,pausa,0.236637,PAUSA: score combinado supera umbral pausa,0.0,0.425214,0.07
338,9971be97f813f946f495f1b875f7d37aad21f0426fca9a7ce3a632368a8bf7f8,pausa,A,pausa,0.226137,PAUSA: score combinado supera umbral pausa,0.0,0.410734,0.07
339,b6789c47adcf8379b35b5def06dd6e0a34d44832bdcab92ed9dc320b149595ea,pausa,A,play,0.091339,PLAY: score bajo umbrales,0.0,0.313073,0.13
340,f8a0df5a23a81b5944356bdad3036bbe7a6ab71a2d7c1157064ad579d52fa5ea,pausa,A,play,0.11807,PLAY: score bajo umbrales,0.0,0.527002,0.13
341,10f8503b15739f8cc0bccf2a07309ae39e0a638529a8f1e9a0d4a1cb514e0acd,pausa,A,play,0.122206,PLAY: score bajo umbrales,0.0,0.596103,0.13
342,908e3c5d20c7fdd32dc5ba2e82f8cac0ac155fe4b24b0ad97ccb50079d8ccff1,pausa,A,stop,0.565479,STOP: costo esperado FN-stop supera umbral HITL,0.0,0.41488,0.74
343,2b6a846e2035520cbad56c0a1b2b6bf942d8e70f2a86bf407daf10d984b0325f,pausa,A,pausa,0.219091,PAUSA: score combinado supera umbral pausa,0.0,0.315243,0.07
344,6300e20c9c850507c80dbe1c1fe0b85440757b24acd9bc3cb69ed24a4d2bd635,pausa,A,pausa,0.27748,PAUSA: score combinado supera umbral pausa,0.0,0.612407,0.13
345,549c27565c573a15b3272524dc22405339820f8b8217970688d4052c72f70220,pausa,A,pausa,0.285585,PAUSA: score combinado supera umbral pausa,0.0,0.599764,0.19
346,eb7bf3eaeae74c54be27d17c983d16e1a8dc08f1ec0aec38cd83d977ce785123,pausa,A,play,0.079662,PLAY: score bajo umbrales,0.0,0.296969,0.13
347,fe052d49fa5ccefa1b56eec1f38cd3d114e40f466592a2d28d9f6e8ec9a0d8a2,pausa,A,pausa,0.258961,PAUSA: score combinado supera umbral pausa,0.0,0.523472,0.13
348,e761c6771bf55d7a9a20659014b15c806570e54db57854111f617fe894ca9ab6,pausa,A,play,0.079362,PLAY: score bajo umbrales,0.0,0.40615,0.07
349,ab4c194ca0bfd6f443d23dddaa9dbe7131f9ead6a3b6b89a98875f5acc888559,play,A,play,0.122206,PLAY: score bajo umbrales,0.0,0.596103,0.13
350,10ad12bdc090182f2c099d45a0aaeb2731841a3255dbe9ef23c09db48e771519,pausa,A,pausa,0.277449,PAUSA: score combinado supera umbral pausa,0.06,0.41478,0.19
351,030adbbe65b696a90525be5c704aac3f493f8af1f977f8c449c6cc8529560af2,pausa,A,play,0.029776,PLAY: score bajo umbrales,0.0,0.058288,0.07
352,4a2ce2b9061c63d2bb8299c4def6ebfcf6ce15cfbf496adbf56ad41aaac48e19,pausa,A,pausa,0.286818,PAUSA: score combinado supera umbral pausa,0.12,0.408626,0.19
353,a13f4ba1ec42acdfca23adf011ff3a2782305b15aead36523788570bbc275673,pausa,A,stop,0.54245,STOP: costo esperado FN-stop supera umbral HITL,0.0,0.056,0.86
354,f9d4aa118afb909f1be425bfa99d2f4bfad2661a441f3fa35369bcfeb8118238,pausa,A,play,0.117841,PLAY: score bajo umbrales,0.15,0.411529,0.07
355,8457c17c5e8b533c487144b75649f8238bfe7bfbf707fe4e5333368467d69ea0,stop,A,stop,0.645905,STOP: costo esperado FN-stop supera umbral HITL,0.335667,0.309486,0.8
356,a627ce6e661f7ce8fcb813ac56e3eb6514a2d151c85a2e60bb8150afc4426438,pausa,A,pausa,0.274215,PAUSA: score combinado supera umbral pausa,0.06,0.525433,0.13
357,3b7f8bf0cf46806d15878f89f6eaadabc9920d16537d552e2f0abdded2a26403,pausa,A,pausa,0.213485,PAUSA: score combinado supera umbral pausa,0.0,0.307513,0.07
358,4cfd649b12bb64c4d3ddc97d1e3f0db5412b6967eba1efef23d0342c222a9cce,stop,A,stop,0.54245,STOP: costo esperado FN-stop supera umbral HITL,0.0,0.056,0.86
359,bada0dc043c6a774f4c4f1e47a73f305fd92c06f298bb827b0e3b830632771f2,pausa,A,stop,0.577801,STOP: costo esperado FN-stop supera umbral HITL,0.0,0.610382,0.68
360,142639bdde37002b74c8df3c590a748b09886620e21012726494b2e36077608f,pausa,A,pausa,0.2299,PAUSA: score combinado supera umbral pausa,0.0,0.415923,0.07
361,6bb18e6862dad03cecc045c43c4e87aad63079d12dc8a8943b2b11420bdf3c56,pausa,A,stop,0.652659,STOP: costo esperado FN-stop supera umbral HITL,0.335667,0.3188,0.8
362,18f6fb9e74dff73d9091fd311a29c996264b3a1d36974dcd2a430e5e64a06c2a,pausa,A,stop,0.567447,STOP: costo esperado FN-stop supera umbral HITL,0.0,0.596103,0.68
363,f4a8e10db4bb364877cd51d7b8be0b0cffff6272ce725a87e1d5cf756eef2961,pausa,A,pausa,0.22912,PAUSA: score combinado supera umbral pausa,0.0,0.305253,0.13
364,ac11da801e7ecc58d09b7991ed7e93800b11b821a9bad63ba306e66f32eb2228,pausa,A,play,0.187467,PLAY: score bajo umbrales,0.0,0.686103,0.13
365,c2e824af64c6c136b5aba35cd0445a072f75f65769b7d69a23cd36c7f5ed4e3a,stop,A,stop,0.54245,STOP: costo esperado FN-stop supera umbral HITL,0.0,0.056,0.86
366,09a06099f012ed176d05845466a203ff7a1dbbddc4c9b3f4d0dbb570a2965349,pausa,A,pausa,0.2695,PAUSA: score combinado supera umbral pausa,0.0,0.538006,0.13
367,6ff05a310a6d6b24743dcfa5df02131ca7284f83cc2404e8ba7c7b4153753779,pausa,A,stop,0.573503,STOP: costo esperado FN-stop supera umbral HITL,0.0,0.517238,0.74
368,a81a67d208ecd1c9e09536dc2ac8642fa2b2535cad422758f3f8e3770726afb9,pausa,A,play,0.11099,PLAY: score bajo umbrales,0.0,0.517238,0.13
369,4915e85c49ce8712f5648190c40646000567f9419bb581b15dc26ab03e652d57,pausa,A,pausa,0.215761,PAUSA: score combinado supera umbral pausa,0.0,0.310652,0.07
370,a064810a11ecf832b0a38b0fc890d4efbb457cb575ed04c7865b24d9c870ff0f,pausa,A,play,0.179568,PLAY: score bajo umbrales,0.0,0.067032,0.07
371,127fdcccfa1e38bd844ca45d6dc75ebb6851d5fbe05b064374a0441ab3568bd2,pausa,A,pausa,0.291278,PAUSA: score combinado supera umbral pausa,0.0,0.607615,0.19
372,a66dd3b911179b482d8976b47a97ed71438e3b062a54f4bc0f258e784496aff3,pausa,A,play,0.077564,PLAY: score bajo umbrales,0.0,0.403671,0.07
373,609d6407df275cd93005d127a2627ecb88a62f9e7f7472552754dd40b8430d77,play,A,play,0.036298,PLAY: score bajo umbrales,0.0,0.067283,0.07
374,9c7bd7d588b8ee32987bda4f097cd205bc03ccc0f8f8ed18e2f73c4a23868c57,pausa,A,pausa,0.258365,PAUSA: score combinado supera umbral pausa,0.0,0.52265,0.13
375,f763cc899909632f1aaed4afeb5a9adb90969732a1ab952aaf46e8b0be38a4d4,pausa,A,pausa,0.240503,PAUSA: score combinado supera umbral pausa,0.06,0.301877,0.13
376,ef2fa44f9a72cca63bd36129cb38a4af248dabecb30b84e4ec484087c8d65344,pausa,A,pausa,0.212257,PAUSA: score combinado supera umbral pausa,0.0,0.305819,0.07
377,f6aa781710715c5965877e926671ea9aec3a3bb3a6b8ab3d57424472f81bb37d,pausa,A,stop,0.623383,STOP: costo esperado FN-stop supera umbral HITL,0.335667,0.060901,0.86
378,7379519e44871e579712c7da6f6115a1ebb62545b6c12ec4f44ccc51626b0af3,pausa,A,pausa,0.258883,PAUSA: score combinado supera umbral pausa,0.0,0.523364,0.13
379,32e2ea892070d812d290162e0566d153dff3c1d842abe5e7a2c506d1ae03472f,pausa,A,pausa,0.223113,PAUSA: score combinado supera umbral pausa,0.0,0.296969,0.13
380,fe0a7feefe2198d4e5c02651536e6848beab8f4359bb528e134c58023aca77a8,pausa,A,play,0.083257,PLAY: score bajo umbrales,0.0,0.411521,0.07
381,a0bb2db0dc3aa77e8d0912dd285c74695aebd17e57321d4abe273dcb039c8105,pausa,A,play,0.082418,PLAY: score bajo umbrales,0.0,0.324591,0.07
382,17dd0fc9ccbd6971138ccd0403c1fc1222aee1faa8da99765ac345c18769ed4c,pausa,A,pausa,0.263413,PAUSA: score combinado supera umbral pausa,0.0,0.529611,0.13
383,1fb08f21f595dfc27baf57eff8eaed1794ee2c832f4d70bd33f36ac13fe2982e,pausa,A,play,0.187467,PLAY: score bajo umbrales,0.0,0.686103,0.13
384,b057a491638bfa53039cb448901d376d0fe9a5c20f42969bae05345bd0b2ce57,pausa,A,stop,0.580943,STOP: costo esperado FN-stop supera umbral HITL,0.0,0.614716,0.68
385,430367494f2aa265face86db19775a6601870a9d7f25a769e718ed8e5b92768b,pausa,A,pausa,0.260554,PAUSA: score combinado supera umbral pausa,0.0,0.525669,0.13
386,9e3a429a3947cd76dd4182c2ad5f0a3c5960b297cbf4609168e0439d079e8e70,pausa,A,play,0.131147,PLAY: score bajo umbrales,0.0,0.608434,0.13
387,ad226cfa9f56b8607eceeef2ffb78a5162d5ca2a8cc3ac6d96a2f4ab5ab5c7d7,stop,A,stop,0.626712,STOP: costo esperado FN-stop supera umbral HITL,0.335667,0.065492,0.86
388,07d2657af9d50a0faef11ca987b29db44c13b0352ac12dd4b149ca649862c1f8,pausa,A,play,0.187467,PLAY: score bajo umbrales,0.0,0.686103,0.13
389,f65722bc3f67670f4162c1130226e2fd66d0484ac988bff4212fd8b17d7fb6a5,pausa,A,play,0.173858,PLAY: score bajo umbrales,0.0,0.059158,0.07
390,7779c8b9854766029e0490d846487ff2bf204d8015f67966f8995b249c030999,pausa,A,pausa,0.258682,PAUSA: score combinado supera umbral pausa,0.0,0.523087,0.13
391,dc0e31e3408c4fc6d42d97ae0b2db33a63b5dfce584be718d6e6d3045383fd21,pausa,A,play,0.088479,PLAY: score bajo umbrales,0.0,0.418723,0.07
392,ab50225667da344efa91077b60154d93f754ee4d80eebda11a1b673d10c871b7,stop,A,stop,0.61983,STOP: costo esperado FN-stop supera umbral HITL,0.335667,0.056,0.86
393,37d1d017e48e6e97d120b7d0ecd79caeff02111d9f5d236c0a80c9a2ca374c64,play,A,play,0.086524,PLAY: score bajo umbrales,0.0,0.416027,0.07
394,02528b69308c856a27976ae4247701a355d2722d10fd2e159869356dc5d958b5,pausa,A,play,0.036183,PLAY: score bajo umbrales,0.0,0.067124,0.07
395,d0d0476625b205100e5b3bcda5c2032dfc85a80bceea8dff3e5bd065e6a0a81a,pausa,A,pausa,0.234216,PAUSA: score combinado supera umbral pausa,0.0,0.421876,0.07
396,ca3dc08dc41c6c90877c73ec5a34eb4154d654e3334fe2a0a84862dee37142d8,pausa,A,pausa,0.23627,PAUSA: score combinado supera umbral pausa,0.0,0.424708,0.07
397,03d5c68a78e51945763aa0e1f12b0421dac08a15fd39c37f9fbc52785a6436e4,pausa,A,pausa,0.294466,PAUSA: score combinado supera umbral pausa,0.12,0.534287,0.13
398,e4ab9680e6ba1db96eea58a727f68b4781115d8598ebd80af4ebff84bc65d0fa,pausa,A,pausa,0.270036,PAUSA: score combinado supera umbral pausa,0.0,0.538745,0.13
399,22a8a59b64a1eb5fec172c3c74114bdb6fc31f0c8bd67bf0a01a84fb81d8ebe5,pausa,A,pausa,0.227877,PAUSA: score combinado supera umbral pausa,0.0,0.303539,0.13
