query_idx,query_hash,true_label,neighbor_entropy,neighbor_mean_distance,neighbor_mean_similarity,neighbor_n_play,neighbor_n_pausa,neighbor_n_stop,neighbor_majority_label,retrieval_backend
0,478d2a73e17118f494cfae75a606c3f9ce15476888faffcd8454cfb63c8dd49d,pausa,1.5219280948873621,0.17223948889020546,0.8277605111097944,2,1,2,stop,tfidf_lexical+svd_dense_local+pgvector_sql→rrf→rerank
1,aeb86fa31ccaedfbc25152cf6213795ca8ca04f5eced9cc382a7604a6aa46cb3,pausa,0.7219280948873623,0.0,1.0,1,4,0,pausa,tfidf_lexical+svd_dense_local+pgvector_sql→rrf→rerank
2,607fd62f6c0d64e7f32b5395a78cd019937527ba1dfd21429c3078166cbde8f8,pausa,1.5219280948873621,0.1306352295863497,0.8693647704136502,2,1,2,play,tfidf_lexical+svd_dense_local+pgvector_sql→rrf→rerank
3,881a7c9131943ddf21948ee1fb82a690649553ea1d357c119c99bd0e238e95c7,pausa,1.3709505944546687,0.2422088725816276,0.7577911274183724,3,1,1,play,tfidf_lexical+svd_dense_local+pgvector_sql→rrf→rerank
4,fff9440a43b6206fd15f63dcb88c2d745a567a1431953592355bae4ffcd005ef,pausa,1.3709505944546687,0.13755706854920294,0.8624429314507969,1,3,1,pausa,tfidf_lexical+svd_dense_local+pgvector_sql→rrf→rerank
5,5ab7a93ef41a0885cc1f9db0bfa0bbfd2ed2cd2af755be0dd113ed9929efd60c,pausa,0.9709505944546686,0.0618580258194519,0.9381419741805482,2,3,0,pausa,tfidf_lexical+svd_dense_local+pgvector_sql→rrf→rerank
6,fd1c677944f8ca72edd4816125e8b3f42a12a6a5e49923f3e40e3e13a73803bb,pausa,0.7219280948873623,0.11426405563759508,0.8857359443624049,1,4,0,pausa,tfidf_lexical+svd_dense_local+pgvector_sql→rrf→rerank
7,b390dac64689b86287ca627efa07e6a3368c0dd9d6f4d653e1786d353455e693,pausa,1.3709505944546687,0.17133344843542497,0.8286665515645751,1,3,1,pausa,tfidf_lexical+svd_dense_local+pgvector_sql→rrf→rerank
8,e384ddf22c5d721b122840a3fa47ed3273224311d0ac50049764191ee521ddce,pausa,0.7219280948873623,0.0,1.0,0,4,1,pausa,tfidf_lexical+svd_dense_local+pgvector_sql→rrf→rerank
9,5ab950c28271405134884512dcb4c94c2953dc2ed29fee2b1bdec641108bdc11,pausa,0.9709505944546686,0.09354497488665481,0.9064550251133452,2,3,0,pausa,tfidf_lexical+svd_dense_local+pgvector_sql→rrf→rerank
10,22faac5ccc71e10c3cb70f96971537659fa82ba23b7c4238d0033aae3f75bc31,play,1.3709505944546687,0.14744733276962463,0.8525526672303754,3,1,1,play,tfidf_lexical+svd_dense_local+pgvector_sql→rrf→rerank
11,891204e5d79a672b85bf91ddd9e44998aee086e03b249c861d577cac64257e43,pausa,-0.0,0.0787921207013876,0.9212078792986123,0,0,5,stop,tfidf_lexical+svd_dense_local+pgvector_sql→rrf→rerank
12,b338ffcee9fc1b5900f6ceb469f1ae79c3bd706624c0fd475135ae3e8505de61,pausa,1.5219280948873621,1.0,0.0,2,2,1,play,tfidf_lexical+svd_dense_local+pgvector_sql→rrf→rerank
13,b6f500f006ded41d74c32e874f55c87ea27a83cae1066ba78051ecad7845b3b5,pausa,0.9709505944546686,0.14104128202129224,0.8589587179787077,2,3,0,pausa,tfidf_lexical+svd_dense_local+pgvector_sql→rrf→rerank
14,d1b96f0d8ecd18d908936f641166c3e5b797763ca4a64ca856f130be54938059,pausa,-0.0,0.13044235743490018,0.8695576425650998,0,5,0,pausa,tfidf_lexical+svd_dense_local+pgvector_sql→rrf→rerank
15,a8f390c58560a8790d29008b21c3d1efd960c61c3185a95cd91f831f1803eb54,pausa,-0.0,0.0983902865359507,0.9016097134640493,0,5,0,pausa,tfidf_lexical+svd_dense_local+pgvector_sql→rrf→rerank
16,273d28147f5877244923e2b1e468eb4f672d700397b704b76c9b90f0879c040c,pausa,0.7219280948873623,0.07531894040987812,0.924681059590122,4,1,0,play,tfidf_lexical+svd_dense_local+pgvector_sql→rrf→rerank
17,6f8204499e80d326addffd697cd2de00a211b74b4f603f999d5d79ae419a0cc5,stop,-0.0,-2.220446049250313e-16,1.0000000000000002,0,0,5,stop,tfidf_lexical+svd_dense_local+pgvector_sql→rrf→rerank
18,5d6d127b60e15cf454b53ab11f82a87670b61e0214fcbe5c4c4b039d607d9af8,pausa,0.7219280948873623,0.0307619490688833,0.9692380509311167,4,1,0,play,tfidf_lexical+svd_dense_local+pgvector_sql→rrf→rerank
19,7464ceba6c66c69efc4e2a582a313e6949930137b2554321dcb0d95ca8467c10,stop,1.5219280948873621,1.0,0.0,2,2,1,play,tfidf_lexical+svd_dense_local+pgvector_sql→rrf→rerank
20,7d68bec9a29b5d4c54101ba60f25e99d000774882359641a0e8eca4626578fd9,pausa,1.3709505944546687,0.12784779546561076,0.8721522045343892,1,3,1,pausa,tfidf_lexical+svd_dense_local+pgvector_sql→rrf→rerank
21,b9515602146a02e939bd94533e45ec82e9143cd378185e739a9318698b40026a,play,1.5219280948873621,0.04168402821265467,0.9583159717873453,2,2,1,play,tfidf_lexical+svd_dense_local+pgvector_sql→rrf→rerank
22,82c75117b7db95e720b017ba43a48d6f4a1a908b99ab25ad7c0f7291a53d78fc,stop,-0.0,1.1102230246251565e-16,0.9999999999999998,0,0,5,stop,tfidf_lexical+svd_dense_local+pgvector_sql→rrf→rerank
23,4c631e2116428ab0797ec862b72535cd7c9a5aa8701d9eef13a6bae08d523eac,pausa,1.5219280948873621,0.1425995659477844,0.8574004340522157,2,2,1,play,tfidf_lexical+svd_dense_local+pgvector_sql→rrf→rerank
24,0faabe2e1677cd1aaf654cd550fd1890fd43680d999b512a37b0a2b04c19f348,play,0.9709505944546686,0.21604811002894003,0.7839518899710601,3,2,0,play,tfidf_lexical+svd_dense_local+pgvector_sql→rrf→rerank
25,c2fe79b141e00c30134ef23b651121f0f9077334ebbcb7a7f8809c28bbec3e5a,stop,1.5219280948873621,0.1545938520352481,0.8454061479647519,2,2,1,pausa,tfidf_lexical+svd_dense_local+pgvector_sql→rrf→rerank
26,bf094bca985be3654a4b16cecaa14b594881d4ef78a494bde0d5fdafd657ae9c,pausa,0.9709505944546686,0.19355605562961484,0.806443944370385,0,3,2,pausa,tfidf_lexical+svd_dense_local+pgvector_sql→rrf→rerank
27,e1867e00445421cccafe1a0e9c216044867a918307433adb63b52afa5b2722d9,pausa,0.9709505944546686,0.19038198052176108,0.8096180194782387,0,3,2,pausa,tfidf_lexical+svd_dense_local+pgvector_sql→rrf→rerank
28,127caefca4ae5bb454be4cb4419b5f6e75abb9e1a362f8e597a378082731cb71,pausa,1.5219280948873621,-2.220446049250313e-16,1.0000000000000002,2,1,2,stop,tfidf_lexical+svd_dense_local+pgvector_sql→rrf→rerank
29,35c9d67b7076417a4166ebed22fbea7c8d7ea9ed0fbbabb1168cb91af3712cf2,pausa,0.9709505944546686,0.2621899456251882,0.7378100543748116,0,3,2,pausa,tfidf_lexical+svd_dense_local+pgvector_sql→rrf→rerank
30,3131e7dfb745ac264427889cfee10c62b97bd0101d587c949ce982125f751658,stop,1.3709505944546687,0.2116748182413053,0.7883251817586947,1,1,3,stop,tfidf_lexical+svd_dense_local+pgvector_sql→rrf→rerank
31,a565487dabf5a9ba6e613a95d40d37c685f9ac8fdcc8a7139889c48b60de140d,pausa,0.9709505944546686,0.17224980774938542,0.8277501922506145,2,3,0,pausa,tfidf_lexical+svd_dense_local+pgvector_sql→rrf→rerank
32,c15913ce8a802b3406d4eb4763b133d9684ef0d19a4d56e5b3b27dc0faf444c7,pausa,0.9709505944546686,0.24542518008984815,0.7545748199101519,2,3,0,pausa,tfidf_lexical+svd_dense_local+pgvector_sql→rrf→rerank
33,e7a4f2c15811f16915c53d482f1d1e6902fd92ee8ef1c774372e50befc1878d6,pausa,1.5219280948873621,1.0,0.0,2,2,1,play,tfidf_lexical+svd_dense_local+pgvector_sql→rrf→rerank
34,6c2023480837ffd793e7b841b4451b6b38fbbd3a9873f8b62f999d79d2362a41,pausa,0.7219280948873623,0.22075797149543258,0.7792420285045675,1,4,0,pausa,tfidf_lexical+svd_dense_local+pgvector_sql→rrf→rerank
35,7de056f55aa90f96d9a51ee0b3c39db2f90c8cfb99bf04524747d4c94b05ff39,pausa,0.9709505944546686,0.2114531697531358,0.7885468302468641,0,3,2,pausa,tfidf_lexical+svd_dense_local+pgvector_sql→rrf→rerank
36,32e6fa454a1be9970f3a7f2df6bba2477f2495d4451b9444602c512dce1bc9f6,pausa,0.7219280948873623,0.10160783904488946,0.8983921609551105,4,0,1,play,tfidf_lexical+svd_dense_local+pgvector_sql→rrf→rerank
37,e45fc8cccc7b95c6c876df197bfd5440432a074f5691bda96363b1ec60cc8a25,pausa,0.9709505944546686,0.07502885187529022,0.9249711481247097,0,3,2,pausa,tfidf_lexical+svd_dense_local+pgvector_sql→rrf→rerank
38,a6680ed767e8fd7ada2b32e0c4361670db8cba8ec310d5b83894b3ddab31b9cb,pausa,1.5219280948873621,0.0717118485110407,0.9282881514889592,2,2,1,play,tfidf_lexical+svd_dense_local+pgvector_sql→rrf→rerank
39,3286477e8f580de80a75b932e23b9931e59241383e86089aece419084bf14b24,pausa,1.5219280948873621,0.07556773333406767,0.9244322666659321,2,1,2,stop,tfidf_lexical+svd_dense_local+pgvector_sql→rrf→rerank
40,6479fb18f4ecf55b868e67f0752364638e47b61554098974226069553d44fc81,stop,1.3709505944546687,-2.220446049250313e-16,1.0000000000000002,1,3,1,pausa,tfidf_lexical+svd_dense_local+pgvector_sql→rrf→rerank
41,322fbff8724456303e801f832161b4793dcf291e011ec446a4de11a7c9e4c779,pausa,0.9709505944546686,0.08435533088443858,0.9156446691155613,3,2,0,play,tfidf_lexical+svd_dense_local+pgvector_sql→rrf→rerank
42,a22790f4efac31e79a68854bff313f399bca47785d7a7e24f5138d4d620e359f,pausa,0.7219280948873623,0.17572466293782457,0.8242753370621756,1,4,0,pausa,tfidf_lexical+svd_dense_local+pgvector_sql→rrf→rerank
43,844e1acb997f78be2d5cc3d7ce068cf3e86d72f0eca84a3539aa7801ede6fe9d,pausa,-0.0,0.25798288282330734,0.7420171171766926,0,0,5,stop,tfidf_lexical+svd_dense_local+pgvector_sql→rrf→rerank
44,b1219e55f926e20969cf1e8ecddd80dbfe9328f5c51fa2b45b78446e787c139f,pausa,1.5219280948873621,0.06436196007745251,0.9356380399225476,2,2,1,play,tfidf_lexical+svd_dense_local+pgvector_sql→rrf→rerank
45,a7d6a8ae8dd32e8e376f453daef9820ee61a607327ed71a9c7e03077a87f6b5a,stop,-0.0,0.003140567581912279,0.9968594324180877,0,0,5,stop,tfidf_lexical+svd_dense_local+pgvector_sql→rrf→rerank
46,e840fb9305c81b50a3860d58d32c8da9c9beae5a0301f850e715a757a2156e6d,pausa,-0.0,0.06412024598147462,0.9358797540185254,0,5,0,pausa,tfidf_lexical+svd_dense_local+pgvector_sql→rrf→rerank
47,616a1b3b78474819bc0d9513585731aa895242356ed4686e0c668df757219439,pausa,1.3709505944546687,0.12058490926467454,0.8794150907353254,3,1,1,play,tfidf_lexical+svd_dense_local+pgvector_sql→rrf→rerank
48,ac5462f18506148837cf43c3ce39e9b85853666e7342b2ae02615afc7dcd84a8,play,-0.0,0.17752957927356505,0.8224704207264348,0,5,0,pausa,tfidf_lexical+svd_dense_local+pgvector_sql→rrf→rerank
49,3ddb06e187d479e306f0871690bac62618c889a0523045296b07a4305b1b9d00,pausa,0.9709505944546686,0.09974660789049168,0.9002533921095083,2,3,0,pausa,tfidf_lexical+svd_dense_local+pgvector_sql→rrf→rerank
50,5859d6f4e010dfa1150fdad18443c920c662574a6df62165e5c37c39bac3a4e8,pausa,0.9709505944546686,0.09612727837224784,0.9038727216277522,0,3,2,pausa,tfidf_lexical+svd_dense_local+pgvector_sql→rrf→rerank
51,5bbb5f3b3bdefd79e8ef37041ae97309b6e9c5ef33278b3bb3b867d1caf1b9bb,pausa,0.7219280948873623,0.15030183811958375,0.8496981618804164,4,1,0,play,tfidf_lexical+svd_dense_local+pgvector_sql→rrf→rerank
52,937cac14895ce6f945ffa7939c8d8845360060cc3648348e96a3a66b7a518cf2,pausa,-0.0,1.1102230246251565e-16,0.9999999999999998,0,0,5,stop,tfidf_lexical+svd_dense_local+pgvector_sql→rrf→rerank
53,96e716d42f2d18184bba74dbed10bc6d22d08cf626a5018934992709900eb10a,pausa,0.7219280948873623,0.020973696868693104,0.9790263031313069,4,1,0,play,tfidf_lexical+svd_dense_local+pgvector_sql→rrf→rerank
54,8ae708ddd73f307c16169ac1782e604c248a988d6ae82f6761757eb5548386ef,stop,1.3709505944546687,0.2158472619309686,0.7841527380690314,3,1,1,play,tfidf_lexical+svd_dense_local+pgvector_sql→rrf→rerank
55,c53049828e5bd02770affb434d8eff15d4a4791e4a24488e6548ea2bf4adf687,pausa,1.3709505944546687,0.29809545691180855,0.7019045430881915,3,1,1,play,tfidf_lexical+svd_dense_local+pgvector_sql→rrf→rerank
56,4f034c9cc8246756d5f94bd65e7901447c5824a64478fc40ccf74aadac7cfc33,pausa,0.9709505944546686,0.12375646850816724,0.8762435314918328,2,3,0,pausa,tfidf_lexical+svd_dense_local+pgvector_sql→rrf→rerank
57,2e75a114bceecd943769b5b3145dcdbd9ddc34ba89e7ca13ba27fad0b934bf9d,pausa,1.3709505944546687,0.09324433015410838,0.9067556698458915,1,3,1,pausa,tfidf_lexical+svd_dense_local+pgvector_sql→rrf→rerank
58,4827f7a503ac54179476105353e0042e3c51f6728397865050f12a7f7dc993bf,pausa,0.9709505944546686,0.13066650200899627,0.8693334979910038,2,3,0,pausa,tfidf_lexical+svd_dense_local+pgvector_sql→rrf→rerank
59,272acb087c6de276b2d765a507a8750ad47140a8f5a0cdc99c111182a354bd6c,pausa,1.5219280948873621,0.06973760440828713,0.9302623955917129,1,2,2,stop,tfidf_lexical+svd_dense_local+pgvector_sql→rrf→rerank
60,e18f34becf4f8a98618fdf5fb01831800901981c4012d93da20e7214acafb798,pausa,0.7219280948873623,0.26806658915696147,0.7319334108430386,1,4,0,pausa,tfidf_lexical+svd_dense_local+pgvector_sql→rrf→rerank
61,fd6bb9676aa960f06b807db09e3b5b3fed31e361134ecea368bb8126a94a8e7d,pausa,1.3709505944546687,0.04483039302366929,0.9551696069763308,1,3,1,pausa,tfidf_lexical+svd_dense_local+pgvector_sql→rrf→rerank
62,7e7a17fe1640db6ade2c39bb59ecd83c19513d031fe38279d0ed5d64c5d21369,pausa,1.5219280948873621,0.0,1.0,2,2,1,play,tfidf_lexical+svd_dense_local+pgvector_sql→rrf→rerank
63,262472dd90c85e4deb9b2029575d55ddf819f437043f0e9dc31689b976b23e28,pausa,1.3709505944546687,0.1513630268813781,0.8486369731186219,3,1,1,play,tfidf_lexical+svd_dense_local+pgvector_sql→rrf→rerank
64,01ecd6177ee73e60656938e0f0499fe3330db9f03721e26eefa6daf8bbe13590,pausa,0.9709505944546686,0.2244433339441861,0.775556666055814,0,3,2,pausa,tfidf_lexical+svd_dense_local+pgvector_sql→rrf→rerank
65,b629717ee2c78efe81047f5ea63e37b0f72c4f675577af2fbdbbd69695596aa9,pausa,0.7219280948873623,0.1242420321341513,0.8757579678658487,1,4,0,pausa,tfidf_lexical+svd_dense_local+pgvector_sql→rrf→rerank
66,c957bf52c7a94994b41a46294c65f06833220772484affcd7c39c045ff2e0d14,pausa,0.9709505944546686,0.31067914116199935,0.6893208588380006,2,3,0,pausa,tfidf_lexical+svd_dense_local+pgvector_sql→rrf→rerank
67,6c7f8c49f60ba561068c9d59a29b395337b6e54ecb3bee5083b7914094c3a5cb,pausa,0.9709505944546686,0.08863324693801125,0.9113667530619887,2,3,0,pausa,tfidf_lexical+svd_dense_local+pgvector_sql→rrf→rerank
68,0b53d6658c83a53c84951c3ff3c6cea06330a91ca6c57f90aa8861c8695943ed,stop,0.7219280948873623,0.0792338037922207,0.9207661962077793,4,0,1,play,tfidf_lexical+svd_dense_local+pgvector_sql→rrf→rerank
69,b26b8177d055d7ced041b1302c2949c01ae7c13381568218b770ea8fc188340b,pausa,1.3709505944546687,0.23236962468023456,0.7676303753197654,1,3,1,pausa,tfidf_lexical+svd_dense_local+pgvector_sql→rrf→rerank
70,97655fcbe6b3fe60680050d0446feb56fb33892c9a9afe20cc6f943a7d300fd2,pausa,1.5219280948873621,0.052433487120248576,0.9475665128797515,2,2,1,pausa,tfidf_lexical+svd_dense_local+pgvector_sql→rrf→rerank
71,39a29dc81b4975da444783ac60299f2351a014bdaea87ed64965e796ec0c38fc,pausa,0.9709505944546686,0.058591807960355055,0.941408192039645,0,3,2,pausa,tfidf_lexical+svd_dense_local+pgvector_sql→rrf→rerank
72,cdf8895e0a675a95636bce500d14604bfbf5e911bc22173bc40626c2f0fd2b58,play,1.5219280948873621,1.0,0.0,2,2,1,play,tfidf_lexical+svd_dense_local+pgvector_sql→rrf→rerank
73,49aaaaa339be47bd78422b99f218fc0483d35e06d757b4f5a220f5b606dffc17,pausa,0.7219280948873623,0.03289651715752051,0.9671034828424794,4,1,0,play,tfidf_lexical+svd_dense_local+pgvector_sql→rrf→rerank
74,86d613d07a9c70b52e6fa910c10d890a9032cbc39f7203d194d1bf634c3e3a24,stop,0.9709505944546686,-2.220446049250313e-16,1.0000000000000002,0,2,3,stop,tfidf_lexical+svd_dense_local+pgvector_sql→rrf→rerank
75,7ff06f43bcb2b2b1d4086364e4dd8721a010276af13a471d5254dd9783b34e2a,pausa,-0.0,0.050623470953156335,0.9493765290468437,5,0,0,play,tfidf_lexical+svd_dense_local+pgvector_sql→rrf→rerank
76,46d2787e16d9dcec0163edfc1a78c9d61df6a20402cf7e9686d5c3b0077a76fc,pausa,1.3709505944546687,0.23314567792629964,0.7668543220737003,3,1,1,play,tfidf_lexical+svd_dense_local+pgvector_sql→rrf→rerank
77,1225cafdf86e0b337c0935ab1907ce1f91d502b5f13583ec6cd663c45162990b,pausa,1.3709505944546687,0.18241890451352197,0.817581095486478,3,1,1,play,tfidf_lexical+svd_dense_local+pgvector_sql→rrf→rerank
78,3c5d8a2cd4703870cfc24a9696030c3ffcb76408bb376876c853826bccd70aaa,pausa,0.9709505944546686,0.26167405017723366,0.7383259498227664,3,0,2,play,tfidf_lexical+svd_dense_local+pgvector_sql→rrf→rerank
79,40c1cce09cf60873e27dfd774ce5892f8a7ba8d8d80aa0d912a82cece5d7d38c,pausa,1.3709505944546687,0.20789265726395537,0.7921073427360447,3,1,1,play,tfidf_lexical+svd_dense_local+pgvector_sql→rrf→rerank
80,627ca699ecd62b4a09c75dafca846eba19509b116957710a69583e483bc3780c,play,1.5219280948873621,0.01833039044374285,0.9816696095562572,1,2,2,pausa,tfidf_lexical+svd_dense_local+pgvector_sql→rrf→rerank
81,38d12e296a24b749c33d9544d253fa8e79d98f101dc35cbd62da03612bd31c38,play,1.3709505944546687,0.29648681599716514,0.7035131840028349,1,1,3,stop,tfidf_lexical+svd_dense_local+pgvector_sql→rrf→rerank
82,cb51982b2ce2acc1fdea8bae05c71dc58cbd6c63452f00098474b4d34b11be67,pausa,0.7219280948873623,0.0898861845788235,0.9101138154211765,0,4,1,pausa,tfidf_lexical+svd_dense_local+pgvector_sql→rrf→rerank
83,f5faa99ec298100abfc834d79689776b7a3267c4f929c8b1fdc6da5148f71a5a,pausa,1.3709505944546687,0.14095500401874017,0.8590449959812598,1,3,1,pausa,tfidf_lexical+svd_dense_local+pgvector_sql→rrf→rerank
84,99b81a6b2df817378edf18209326bdb02a5965e27f0aae12b4f1ce80e5ab9ae1,pausa,1.5219280948873621,0.15030969635658925,0.8496903036434107,2,2,1,play,tfidf_lexical+svd_dense_local+pgvector_sql→rrf→rerank
85,7386e6e9e23bd952ad8ffa1ae0ed68b0b9ae3d93ba1682bc52c6d8a3a050dcfc,pausa,0.7219280948873623,0.22093026297849425,0.7790697370215058,1,4,0,pausa,tfidf_lexical+svd_dense_local+pgvector_sql→rrf→rerank
86,f6b84a49d033d3bfa9508f9be589d52ac77005138633aea036b13a16ca9c9419,pausa,0.9709505944546686,0.0,1.0,2,3,0,pausa,tfidf_lexical+svd_dense_local+pgvector_sql→rrf→rerank
87,a52e2d75e4cf740f6788c75d7572200271f0f7dabf041cb752aedfb145414089,pausa,0.7219280948873623,0.0,1.0,1,4,0,pausa,tfidf_lexical+svd_dense_local+pgvector_sql→rrf→rerank
88,3ca30e82bf8327bae125ac378dadfeaae67c7f42b3e431f47b95a2d948af045e,pausa,0.9709505944546686,0.2379601831718951,0.7620398168281048,3,2,0,play,tfidf_lexical+svd_dense_local+pgvector_sql→rrf→rerank
89,4ccb500ba4e2358a71c3e90e9a53255b429e6eee38fc5448afffcad25ace0596,pausa,0.9709505944546686,0.01967994057623206,0.980320059423768,3,2,0,play,tfidf_lexical+svd_dense_local+pgvector_sql→rrf→rerank
90,d302bd17de4f7a695a87c21551c6331d5a3fa8ff8c63aa52ab5b089923d7e30b,pausa,0.9709505944546686,0.018850383534304793,0.9811496164656951,2,3,0,pausa,tfidf_lexical+svd_dense_local+pgvector_sql→rrf→rerank
91,1990ca693119faca84520cd0b206e9bc2d6d114237a848ddacbab6d789e99960,pausa,1.3709505944546687,0.12846244072276897,0.871537559277231,1,3,1,pausa,tfidf_lexical+svd_dense_local+pgvector_sql→rrf→rerank
92,7796aa1fc314ead35110feed7d70de944725df2dad87cafd3efb055cbde707c0,pausa,0.9709505944546686,0.12295436047394057,0.8770456395260593,2,3,0,pausa,tfidf_lexical+svd_dense_local+pgvector_sql→rrf→rerank
93,d002463a8be47bd70ddabdb485a2c022f633e40a70739def8143af42830dd8e1,pausa,-0.0,0.23822380760262346,0.7617761923973765,5,0,0,play,tfidf_lexical+svd_dense_local+pgvector_sql→rrf→rerank
94,9f7cc071df506aeeae61bdb2992b93e5d713004926220f1c372b9bfe9d875bcf,pausa,1.5219280948873621,0.11931701485747001,0.8806829851425299,2,2,1,play,tfidf_lexical+svd_dense_local+pgvector_sql→rrf→rerank
95,5142721eb544fc10c99ec0ec22015a194c9bf5bed81eef7f7406736f0406383a,pausa,1.5219280948873621,0.11439912842038795,0.885600871579612,2,1,2,play,tfidf_lexical+svd_dense_local+pgvector_sql→rrf→rerank
96,cccfd6956cb178ea9e30d89f430c5fe09829e9d99b32679d843963e95a890694,stop,-0.0,1.1102230246251565e-16,0.9999999999999998,0,0,5,stop,tfidf_lexical+svd_dense_local+pgvector_sql→rrf→rerank
97,ffc199f69dbe0c19a5f00c8d8f8200a395760168ac2e8fbc99947929e80567f8,stop,0.9709505944546686,0.13631797376867705,0.863682026231323,2,3,0,pausa,tfidf_lexical+svd_dense_local+pgvector_sql→rrf→rerank
98,a15968f264a0a5a5823e5aadba00e37cec7b4706774e718e19c66e496104a3e0,pausa,1.3709505944546687,0.19862129522967265,0.8013787047703274,3,1,1,play,tfidf_lexical+svd_dense_local+pgvector_sql→rrf→rerank
99,424a5434267c76eec85fa294183a61aaba69ed6e1f50f134a26db117083466ae,pausa,1.5219280948873621,0.2440824659778748,0.7559175340221251,2,1,2,stop,tfidf_lexical+svd_dense_local+pgvector_sql→rrf→rerank
100,8b3ca72ec21a09322ffdc1d6578994edb8748e0b86f0b8cb845fcf4d77a4faf3,pausa,0.9709505944546686,-4.440892098500626e-16,1.0000000000000004,3,2,0,play,tfidf_lexical+svd_dense_local+pgvector_sql→rrf→rerank
101,606ff878553e608a6f821f8157121b3e54130dc91433d72cf20bf22121ce3cf9,pausa,0.7219280948873623,0.032061879834495245,0.9679381201655047,4,1,0,play,tfidf_lexical+svd_dense_local+pgvector_sql→rrf→rerank
102,a65ba2f69cbf36ec623f09cdee5bbb045f67d4dab1ef656c3db36b8e571e8481,play,1.3709505944546687,0.07997712370823784,0.9200228762917622,1,3,1,pausa,tfidf_lexical+svd_dense_local+pgvector_sql→rrf→rerank
103,6bee8ab2b30d7982ca3b263e1edc31f3da5ae7aee1ebccf940d823c605ba5eff,pausa,0.9709505944546686,0.3093731931111191,0.6906268068888808,3,2,0,play,tfidf_lexical+svd_dense_local+pgvector_sql→rrf→rerank
104,7da04aeb5a244fc1aa830b6c75753cb3ac623255051a293a33124ad9a84bf3d7,pausa,1.3709505944546687,0.23675574538961824,0.7632442546103817,1,3,1,pausa,tfidf_lexical+svd_dense_local+pgvector_sql→rrf→rerank
105,be2800396329f45330e450079b9f45a364e0ef4bd5f839dbd674be4e013456ce,play,1.3709505944546687,0.19573006099665127,0.8042699390033488,1,3,1,pausa,tfidf_lexical+svd_dense_local+pgvector_sql→rrf→rerank
106,70d5f6e2b5a125d696c76d001effaeb47a7542176633854823a7bd60c7ef7648,play,1.5219280948873621,0.12859860661892536,0.8714013933810746,2,2,1,pausa,tfidf_lexical+svd_dense_local+pgvector_sql→rrf→rerank
107,97802e31db5b9870d66c4a859e3be949d075e11578b6b1e67c0ca2968f1230dc,pausa,1.5219280948873621,0.2002129159076711,0.7997870840923289,2,1,2,stop,tfidf_lexical+svd_dense_local+pgvector_sql→rrf→rerank
108,0921d9615ddf476c65baf00b36b5f08f7e3338ce48884fdd2df88eb9186c2dec,pausa,0.9709505944546686,0.1491019596306315,0.8508980403693684,3,2,0,play,tfidf_lexical+svd_dense_local+pgvector_sql→rrf→rerank
109,d7c0bde7bd2d5027c392d0ae1ce53a9e40b7c111d07f3477d4940c9365048f52,pausa,1.3709505944546687,0.1177819441447339,0.8822180558552661,1,3,1,pausa,tfidf_lexical+svd_dense_local+pgvector_sql→rrf→rerank
110,b0565092ce936a2bba23e1dfc0a6ea0e18134417beb47610795a93da6767b2a7,pausa,1.3709505944546687,0.056496282643689444,0.9435037173563107,3,1,1,play,tfidf_lexical+svd_dense_local+pgvector_sql→rrf→rerank
111,a70e1fba59e0b67c8a5379fe0ac795ecd8d6259281143d0832f812a2dbb9181f,stop,1.3709505944546687,0.1397599506448206,0.8602400493551794,1,3,1,pausa,tfidf_lexical+svd_dense_local+pgvector_sql→rrf→rerank
112,e2e69148f4d375ce840b9fac3976fa3f7bb05601f33e9a70cd79b40cfaac9915,pausa,0.9709505944546686,0.0594556288766734,0.9405443711233266,3,2,0,play,tfidf_lexical+svd_dense_local+pgvector_sql→rrf→rerank
113,4316542bd62faf96c9ddc2570dcaa47aea78ef76afb99f56e6531818e9ca6aa2,stop,-0.0,0.05284679398287062,0.9471532060171294,0,0,5,stop,tfidf_lexical+svd_dense_local+pgvector_sql→rrf→rerank
114,257d58c855532aca2ac019b25c2cb7f3fc001aa2892caadbbf5586dcee02c4ea,pausa,0.9709505944546686,0.21159921677890256,0.7884007832210974,2,3,0,pausa,tfidf_lexical+svd_dense_local+pgvector_sql→rrf→rerank
115,94dfa339be0b8c69bd55cd2d9e34b4c394fd6b88e583a7ebb29dca5160a298ba,pausa,1.3709505944546687,1.1102230246251565e-16,0.9999999999999998,1,3,1,pausa,tfidf_lexical+svd_dense_local+pgvector_sql→rrf→rerank
116,5b385dbd4face4399e31322df5641e7e62a4b12795fdea1b163eb44e2129ca7d,pausa,1.3709505944546687,0.01705222522129002,0.9829477747787101,3,1,1,play,tfidf_lexical+svd_dense_local+pgvector_sql→rrf→rerank
117,a7172dbe97ae9fca83c490d043bde1ebe789d5f3f5f2867e1d9090dbe32bcc83,pausa,1.3709505944546687,0.10212595443945105,0.897874045560549,1,1,3,stop,tfidf_lexical+svd_dense_local+pgvector_sql→rrf→rerank
118,83de58e4b79fa9d6807e9afc2ddcd5c9e1bc6fd2695a122a8a3040041e92b06a,pausa,1.5219280948873621,0.10222987932274094,0.897770120677259,1,2,2,stop,tfidf_lexical+svd_dense_local+pgvector_sql→rrf→rerank
119,e126e26c714bfaf7663096006dcb8e513dfaa39806c468464af77cd431db7c3f,pausa,1.3709505944546687,0.0,1.0,1,3,1,pausa,tfidf_lexical+svd_dense_local+pgvector_sql→rrf→rerank
120,2dc84e02ae71cac1a327a65fcecb414016b3ffd03e3c419c2d664aef608cd81c,pausa,1.5219280948873621,0.3319362113945955,0.6680637886054045,2,2,1,pausa,tfidf_lexical+svd_dense_local+pgvector_sql→rrf→rerank
121,92f773c386ee72241452256bf463fc1abbbb207514bfdae8e3fe0cbc5a3de900,pausa,0.9709505944546686,0.16520828748365796,0.834791712516342,0,3,2,pausa,tfidf_lexical+svd_dense_local+pgvector_sql→rrf→rerank
122,1f0f4db9013f1eb6829aecba28dccba467e0057cf06dc8326dd29cd80af6b266,play,1.3709505944546687,0.3067375805257691,0.693262419474231,3,1,1,play,tfidf_lexical+svd_dense_local+pgvector_sql→rrf→rerank
123,c2e817d6f3c970b051b58b5747247166e5be85c66d0a145c6547e2006755ed97,pausa,1.5219280948873621,1.0,0.0,2,2,1,play,tfidf_lexical+svd_dense_local+pgvector_sql→rrf→rerank
124,aab65ec304751fdaf81faf289716c5b6fb98a600af8a97ad6b087a47a9b83a13,pausa,0.9709505944546686,0.0,1.0,3,0,2,play,tfidf_lexical+svd_dense_local+pgvector_sql→rrf→rerank
125,5e27ea3824b4919896f5798742f07466b32826be9f153a960d43d00d0d7437c2,pausa,0.7219280948873623,0.0,1.0,1,4,0,pausa,tfidf_lexical+svd_dense_local+pgvector_sql→rrf→rerank
126,16f2160e72c9ebb3e8b89072fd90185e8a9aa06bdaa0e97073d3ff2b493bf0ec,pausa,0.9709505944546686,0.12772924703537716,0.8722707529646229,0,2,3,stop,tfidf_lexical+svd_dense_local+pgvector_sql→rrf→rerank
127,b2d957f5eb92fb0773403a0efb4394b19269d8b1d0e79abbb7bcc0e335a2923c,pausa,0.7219280948873623,0.0,1.0,4,0,1,play,tfidf_lexical+svd_dense_local+pgvector_sql→rrf→rerank
128,9cc5035ad60603f6c3f30e49c7864410b78fb6bac15f0446d98554841950f20c,pausa,0.7219280948873623,0.1127622914055981,0.887237708594402,4,0,1,play,tfidf_lexical+svd_dense_local+pgvector_sql→rrf→rerank
129,1f464cfedc6c0995dc47aab142139a846c9c4d3424199cc208ff91cbae53e119,pausa,0.9709505944546686,0.25842660113669735,0.7415733988633026,2,3,0,pausa,tfidf_lexical+svd_dense_local+pgvector_sql→rrf→rerank
130,c1eb414f80c0371279b4da313a77cfd1eb400f9c7ca30d0a7db8ae1d49abea6b,pausa,1.3709505944546687,0.35342398122795304,0.646576018772047,3,1,1,play,tfidf_lexical+svd_dense_local+pgvector_sql→rrf→rerank
131,3803e33027fbae562673bc69c1d54199a15d569afc0fd78f2259551329eb5c89,pausa,1.5219280948873621,0.07108839720379242,0.9289116027962075,2,2,1,play,tfidf_lexical+svd_dense_local+pgvector_sql→rrf→rerank
132,4078eabccb8d2b09ebd92730aea2de548c5f29369d981360a5e9e0cae3e916e2,pausa,0.7219280948873623,0.025859321829757698,0.9741406781702423,4,1,0,play,tfidf_lexical+svd_dense_local+pgvector_sql→rrf→rerank
133,78be80d67f15765d18ea2070d4d24cf6c169bf7b9600962c9a3cb1f091e7d35e,pausa,0.9709505944546686,0.08571257456476519,0.9142874254352348,3,2,0,play,tfidf_lexical+svd_dense_local+pgvector_sql→rrf→rerank
134,c4f8002b58a4a62b85a51cf813f762efaa240aa9d4acb476766804b29205909c,pausa,1.3709505944546687,0.1943172447279847,0.8056827552720153,3,1,1,play,tfidf_lexical+svd_dense_local+pgvector_sql→rrf→rerank
135,cf9f33f2901653672cdbdfd1d324332108a56ed4ed394f5b33ec9a113cd39e4a,pausa,1.5219280948873621,0.16067357608520824,0.8393264239147917,1,2,2,stop,tfidf_lexical+svd_dense_local+pgvector_sql→rrf→rerank
136,fc86a1b64068397448a81139f4b4954a724a2628531168932b4437f3a94dcc0b,pausa,1.3709505944546687,0.22117077987538347,0.7788292201246165,1,3,1,pausa,tfidf_lexical+svd_dense_local+pgvector_sql→rrf→rerank
137,f09b4758af99925fba656e45185d3716cacb6742a4796107612836fda0332a0b,pausa,0.7219280948873623,0.27774189464374316,0.7222581053562568,4,1,0,play,tfidf_lexical+svd_dense_local+pgvector_sql→rrf→rerank
138,94e53428e5da95696b0e513e88383c0bb528416a1674c2e5982d249a6373b148,pausa,1.5219280948873621,0.17855553886872025,0.8214444611312798,2,1,2,play,tfidf_lexical+svd_dense_local+pgvector_sql→rrf→rerank
139,8befe2ebeaa8ef6ea89e140bc97bd3740f239fa4938ffb0e8cd57c0df204d639,pausa,1.3709505944546687,0.19565113135688256,0.8043488686431175,1,3,1,pausa,tfidf_lexical+svd_dense_local+pgvector_sql→rrf→rerank
140,d661ea2c83d44d137f448421cb0a7e8403a7b0fc714f8f9c115b897b57123bf6,pausa,0.9709505944546686,0.07770931323883887,0.9222906867611613,3,2,0,play,tfidf_lexical+svd_dense_local+pgvector_sql→rrf→rerank
141,e0eb90c6938cc0213974812ab91a55871687ede0d62630da977e35a024ff4a84,pausa,0.9709505944546686,0.1282599614519413,0.8717400385480587,3,2,0,play,tfidf_lexical+svd_dense_local+pgvector_sql→rrf→rerank
142,4b3e5959f588e29dc6a49bdae1d2462b1a257db837e835ce9a3854f076b509b2,pausa,0.7219280948873623,0.1339081013178764,0.8660918986821237,0,4,1,pausa,tfidf_lexical+svd_dense_local+pgvector_sql→rrf→rerank
143,83dfc7b796f35e9f5c58c7fab8d126b656aea18eec6cb5a49e1fd42f70c8cd7b,pausa,1.3709505944546687,0.04303437666279353,0.9569656233372065,3,1,1,play,tfidf_lexical+svd_dense_local+pgvector_sql→rrf→rerank
144,4d61f383ee670a1b548759395ebde435c851d4683f2cb9451f23d96b758b7d47,pausa,-0.0,0.3082263356537034,0.6917736643462966,0,5,0,pausa,tfidf_lexical+svd_dense_local+pgvector_sql→rrf→rerank
145,c55f661ede9428b6aaf28e214362c7f181576a4bed26057fdafa9ac058c116fa,pausa,1.3709505944546687,0.07801392981839564,0.9219860701816044,3,1,1,play,tfidf_lexical+svd_dense_local+pgvector_sql→rrf→rerank
146,790d2fc54f352590b0233038db0cd18ed4376b415ee12e2d0e88be477abd4ce6,pausa,0.9709505944546686,0.3522773699860993,0.6477226300139007,2,3,0,pausa,tfidf_lexical+svd_dense_local+pgvector_sql→rrf→rerank
147,0d5d9daaaa2c9e6fe697fef7990fac2bd22c073f2df820b348380589550df033,pausa,0.7219280948873623,0.04637675979911908,0.9536232402008811,1,4,0,pausa,tfidf_lexical+svd_dense_local+pgvector_sql→rrf→rerank
148,3c4e8450147df5f1fddc0d5af0b04e38e041f0517f851e759da177f6d48276c3,pausa,0.9709505944546686,0.08256783075783584,0.9174321692421643,2,3,0,pausa,tfidf_lexical+svd_dense_local+pgvector_sql→rrf→rerank
149,c75e4e29b1ac053fce58bb8d8c06a0ec422b4387901cae92f6abf642792ae228,pausa,0.7219280948873623,0.17731926478914117,0.8226807352108588,0,4,1,pausa,tfidf_lexical+svd_dense_local+pgvector_sql→rrf→rerank
150,bf23019e3f0f0389498472c1b560d71c732de4bd034b54affa61745490c59540,play,1.5219280948873621,0.07485267405317993,0.92514732594682,2,2,1,pausa,tfidf_lexical+svd_dense_local+pgvector_sql→rrf→rerank
151,20768a24094fea993dca6801e66f07294023eeb30a7a5829f69be5177c1c2930,pausa,0.9709505944546686,0.0929224852069106,0.9070775147930894,2,3,0,pausa,tfidf_lexical+svd_dense_local+pgvector_sql→rrf→rerank
152,43bc9e7111b85663bb7d0d52dfbff497b1d2cb67366e39974980406a8689fade,pausa,0.7219280948873623,0.08605423902382103,0.913945760976179,4,1,0,play,tfidf_lexical+svd_dense_local+pgvector_sql→rrf→rerank
153,078a25e5184a253f3c12eb35f0bfd6686483cf48bc0d52bfa52cf76c0e8ebfa2,pausa,0.9709505944546686,0.00736371265254272,0.9926362873474573,2,0,3,stop,tfidf_lexical+svd_dense_local+pgvector_sql→rrf→rerank
154,a8864f87f512dc4256f20efd6ce9f91dbf083ec3032c8a5f0e5da33b60b7dd81,play,0.9709505944546686,0.2546968528600911,0.745303147139909,2,3,0,pausa,tfidf_lexical+svd_dense_local+pgvector_sql→rrf→rerank
155,df91360fe4199fab490893652b27d79889b1059840985512014877f0047cad60,pausa,-0.0,0.13044235743490018,0.8695576425650998,0,5,0,pausa,tfidf_lexical+svd_dense_local+pgvector_sql→rrf→rerank
156,a1ba00ed858e4d9f8e8ba2bee484bd065794c38a694ff99e9e5ac42ba1bb89ba,pausa,1.3709505944546687,0.13228936512828432,0.8677106348717156,3,1,1,play,tfidf_lexical+svd_dense_local+pgvector_sql→rrf→rerank
157,bff1b2cb06bd9a5d2a2aaccb0a8d80f286ead842c0fc8a600d9a2c1fb4515509,pausa,0.7219280948873623,0.13880598006365993,0.8611940199363401,0,4,1,pausa,tfidf_lexical+svd_dense_local+pgvector_sql→rrf→rerank
158,c7c6867d1bd1295fbec5aed1325ca155487dd865f9b9c109892be8d38d3e901a,pausa,0.9709505944546686,0.12129040131339278,0.8787095986866073,3,2,0,play,tfidf_lexical+svd_dense_local+pgvector_sql→rrf→rerank
159,2fa31ca7fb4abb0c94a521eace7a87775d46c4d008ea453b1ae2a3cad6facef6,stop,-0.0,0.0061718971610476014,0.9938281028389524,0,0,5,stop,tfidf_lexical+svd_dense_local+pgvector_sql→rrf→rerank
160,8964f187b2713616966c1f37532dadf07389ab5e07de6e1567afa554b5e96cec,stop,1.3709505944546687,0.03340730999935879,0.9665926900006412,1,3,1,pausa,tfidf_lexical+svd_dense_local+pgvector_sql→rrf→rerank
161,af5351f6169d7313470537750bb49c9a571dfaf8d92f59dab5d02057bca389d6,pausa,1.5219280948873621,0.031090347317659695,0.9689096526823404,2,2,1,pausa,tfidf_lexical+svd_dense_local+pgvector_sql→rrf→rerank
162,8e2aac88c2bf2c9268af13319e6532998c9610b08cc5d2b911d1a34c10d73ad6,pausa,0.9709505944546686,0.061521926839312124,0.9384780731606879,3,2,0,play,tfidf_lexical+svd_dense_local+pgvector_sql→rrf→rerank
163,5c7f8840cd640516902647cd74d35380e2d139f6447c5ca84c2d331f4d74c0b2,pausa,1.5219280948873621,0.25160323802376877,0.7483967619762313,2,2,1,pausa,tfidf_lexical+svd_dense_local+pgvector_sql→rrf→rerank
164,f2db3eb5077966ab9c32185a3cfe901da90f3c93c668731033ad1d9cce5aaab7,pausa,-0.0,0.14398943403727593,0.856010565962724,0,5,0,pausa,tfidf_lexical+svd_dense_local+pgvector_sql→rrf→rerank
165,eaac27faa5dc9a64612c86569ed7fa7bf1d9e9cba474fafe39cd88d93c36bbbc,pausa,1.5219280948873621,0.2474054716707431,0.7525945283292569,2,2,1,play,tfidf_lexical+svd_dense_local+pgvector_sql→rrf→rerank
166,2189040f771a50d85e4b8b8185ef5211a64d452db8ae66dab59f3cb42156c5c5,stop,1.5219280948873621,0.0,1.0,2,2,1,play,tfidf_lexical+svd_dense_local+pgvector_sql→rrf→rerank
167,312bfbfe1acc6b2c3ff39cb55adc03a69090d76adf0e1599d7327f44df15588c,pausa,1.3709505944546687,0.16610402015287112,0.8338959798471288,3,1,1,play,tfidf_lexical+svd_dense_local+pgvector_sql→rrf→rerank
168,f780bd02a2874ac5384ed1137dae5f528c6877fd5672e83c3340277d4fcd442b,pausa,0.9709505944546686,0.0,1.0,2,3,0,pausa,tfidf_lexical+svd_dense_local+pgvector_sql→rrf→rerank
169,e98a772a1e0df357911c12d41b3d9e6f19e6369219ba67d44ad0e274ae082358,pausa,0.9709505944546686,0.09930219139287096,0.9006978086071289,3,2,0,play,tfidf_lexical+svd_dense_local+pgvector_sql→rrf→rerank
170,fb68b66c15d7eb6e34cd4a8175ca357dc738990ee62ac7f77c848d5ee8d07f1e,pausa,-0.0,0.1545818357069504,0.8454181642930496,5,0,0,play,tfidf_lexical+svd_dense_local+pgvector_sql→rrf→rerank
171,95100536e9cc3399a2f22fa1a1c5e18a69ba139f870fbe3de7ced1f01ec718fd,pausa,0.9709505944546686,0.0580730987236413,0.9419269012763587,3,2,0,play,tfidf_lexical+svd_dense_local+pgvector_sql→rrf→rerank
172,11ef8f3300ff8768163a9d38f8f02d9317296c0e79564da834a6a55926d9a857,pausa,0.9709505944546686,0.08838964271694735,0.9116103572830527,2,3,0,pausa,tfidf_lexical+svd_dense_local+pgvector_sql→rrf→rerank
173,6f077b5176e8dabc622a4c6a7d24588b8f89556d70b4a046c95f65052dd20815,pausa,0.7219280948873623,0.040796880517167414,0.9592031194828327,4,0,1,play,tfidf_lexical+svd_dense_local+pgvector_sql→rrf→rerank
174,0882e3d4dc3a214640501eec7159a8cc5b55c48aac4f11d80aa0900707daacd8,pausa,1.5219280948873621,0.11419860012876937,0.8858013998712305,2,2,1,play,tfidf_lexical+svd_dense_local+pgvector_sql→rrf→rerank
175,1af8cedd0b4c7e282755e2bda9702387c802c40a9e709361817bcbed1fb88e30,pausa,1.3709505944546687,0.0958091326915601,0.90419086730844,1,3,1,pausa,tfidf_lexical+svd_dense_local+pgvector_sql→rrf→rerank
176,ab1d026695d075009da5d80f893df53ed1350b3357157da5bbd9767a5d9c1f70,pausa,0.9709505944546686,0.04325534923087471,0.9567446507691253,0,3,2,pausa,tfidf_lexical+svd_dense_local+pgvector_sql→rrf→rerank
177,24be95bbad0c65ef58a4fee89696cc629e0feb1302cda210938ed94ba1ea2c62,pausa,0.9709505944546686,0.2161468501617271,0.7838531498382729,2,3,0,pausa,tfidf_lexical+svd_dense_local+pgvector_sql→rrf→rerank
178,79fe8fed852b1c27af8e0efc3e5f8938e81780684d07669a917193f252688733,pausa,-0.0,0.0315495935612119,0.968450406438788,5,0,0,play,tfidf_lexical+svd_dense_local+pgvector_sql→rrf→rerank
179,30f2f38e693f571970ca7eec8c85d902ddffd655cf98d57673f3173a0ab1c604,play,0.9709505944546686,0.06596172129637759,0.9340382787036224,2,3,0,pausa,tfidf_lexical+svd_dense_local+pgvector_sql→rrf→rerank
180,054a02c0458463c056eae1a13c6afed93ebdf275acd2f9341b33b4cb1678637a,pausa,0.7219280948873623,1.1102230246251565e-16,0.9999999999999998,1,4,0,pausa,tfidf_lexical+svd_dense_local+pgvector_sql→rrf→rerank
181,7ea7e774e68d31b9aa24f5ef3f538bf4ef72dd01a5612662df55605bd50e0fb4,pausa,0.9709505944546686,0.07370143836340734,0.9262985616365926,2,3,0,pausa,tfidf_lexical+svd_dense_local+pgvector_sql→rrf→rerank
182,7d2457318732ecac6a1e3bfce38f1ab2d11d495f381176874a73ee2a3390aa1d,pausa,1.5219280948873621,1.0,0.0,2,2,1,play,tfidf_lexical+svd_dense_local+pgvector_sql→rrf→rerank
183,41fe57eedde9120aa6a906e899c6e7aef9c55cbfda7000aaa48b0f041c629323,pausa,1.3709505944546687,0.26196249733161553,0.7380375026683845,3,1,1,play,tfidf_lexical+svd_dense_local+pgvector_sql→rrf→rerank
184,76849d9c9767d1941f66a158f8f92e0d4a0db8ddbfc077a340ebfa6f813b7285,pausa,0.9709505944546686,0.08920784582605909,0.910792154173941,3,2,0,play,tfidf_lexical+svd_dense_local+pgvector_sql→rrf→rerank
185,9968a6914f1ac3f7bd3bd86a3e22037806fa24e771224d0c68a2a68a4485e333,pausa,0.7219280948873623,0.07630775263752446,0.9236922473624756,1,4,0,pausa,tfidf_lexical+svd_dense_local+pgvector_sql→rrf→rerank
186,9b7531747f2c67fbcc42c2558a2ebb37d25caa210b32e831b4f76e9f479619bc,pausa,0.7219280948873623,0.19189799688129247,0.8081020031187076,0,4,1,pausa,tfidf_lexical+svd_dense_local+pgvector_sql→rrf→rerank
187,8700e20ad910014504582e0b3b5a6849d0168a2460723b274b962ea9da84eb51,pausa,1.5219280948873621,1.0,0.0,2,2,1,play,tfidf_lexical+svd_dense_local+pgvector_sql→rrf→rerank
188,a688f5425c26a6fb4e7ba1a5e2c7883626070f0ffb2467f46386957a3221ac6e,pausa,0.9709505944546686,0.07947205634527099,0.920527943654729,2,0,3,stop,tfidf_lexical+svd_dense_local+pgvector_sql→rrf→rerank
189,2eed7068a10aad6f74b05cf3756cfaf4e15176358853d177acdcf40b1094af08,pausa,-0.0,1.1102230246251565e-16,0.9999999999999998,0,0,5,stop,tfidf_lexical+svd_dense_local+pgvector_sql→rrf→rerank
190,9012cc4085bbe5c5cb4e7dd5688878dc303be06e233dfaece8235b7af022b90b,pausa,1.3709505944546687,0.030474359056927146,0.9695256409430728,1,3,1,pausa,tfidf_lexical+svd_dense_local+pgvector_sql→rrf→rerank
191,ebca99b4e45a0ec70fb730bacafcd10031e6517b9b89ff021bb4b7a9cb19766a,pausa,1.3709505944546687,0.29449806515862137,0.7055019348413787,3,1,1,play,tfidf_lexical+svd_dense_local+pgvector_sql→rrf→rerank
192,76d0e4b44fbd50287c58f93991cf22c8bf75ffacc641c4917e488eb6ac6dfabd,stop,-0.0,0.08262383367288817,0.9173761663271118,0,0,5,stop,tfidf_lexical+svd_dense_local+pgvector_sql→rrf→rerank
193,fb3a020fc6d534aabdeee9bef42129e9355eeee66f2ab3a180749cc58701807b,pausa,0.9709505944546686,0.35917328142780636,0.6408267185721936,2,3,0,pausa,tfidf_lexical+svd_dense_local+pgvector_sql→rrf→rerank
194,b601d8fb65cb053920c3e134f3de149011a59f15a966f639435603c8343f378e,pausa,0.7219280948873623,0.0792010211214369,0.9207989788785632,1,4,0,pausa,tfidf_lexical+svd_dense_local+pgvector_sql→rrf→rerank
195,c6a735cb809dcd4a6462dada289ed44ea04fd984e9df1c81e2bd5e812ea66e7b,pausa,1.5219280948873621,1.0,0.0,2,2,1,play,tfidf_lexical+svd_dense_local+pgvector_sql→rrf→rerank
196,abb1771a66f85cc3ff7e68deef6abf96b0f6427f5e1569aee4893103af8c3982,pausa,1.5219280948873621,0.1566245904152283,0.8433754095847718,2,2,1,pausa,tfidf_lexical+svd_dense_local+pgvector_sql→rrf→rerank
197,b2c5114ea9bc86274267f1a83162701b9b40041ec12d1de78a6102ffee1e4385,pausa,1.5219280948873621,0.12848558812689886,0.8715144118731011,2,1,2,play,tfidf_lexical+svd_dense_local+pgvector_sql→rrf→rerank
198,178909a6e146ce938cc961b05c4f3c086d0bcb06a4f623f50055a63612e033ed,pausa,1.5219280948873621,0.2834661393087467,0.7165338606912532,2,2,1,play,tfidf_lexical+svd_dense_local+pgvector_sql→rrf→rerank
199,1492a1c6d9ebbb5a8bb95fbddcf09058742d99b815fb45a029b53f94e71da7f1,pausa,1.3709505944546687,0.04513551402956861,0.9548644859704314,1,1,3,stop,tfidf_lexical+svd_dense_local+pgvector_sql→rrf→rerank
200,34bf9c326c08790688d89b36b496c52e9339e2bf82e06f94bca42edb9f37ae6c,pausa,0.9709505944546686,0.08264251439742729,0.9173574856025727,2,3,0,pausa,tfidf_lexical+svd_dense_local+pgvector_sql→rrf→rerank
201,163672df4d2fa4877375bdc995c1ba48cd548386d7f1f5b5b548e9f9b8a12adf,pausa,0.9709505944546686,0.03204463859601869,0.9679553614039813,2,3,0,pausa,tfidf_lexical+svd_dense_local+pgvector_sql→rrf→rerank
202,5c5048ab5587f8768830e1eca315febbbd176879c918bbcddbf0eba721f2bf69,pausa,1.3709505944546687,0.03595236252341456,0.9640476374765854,1,3,1,pausa,tfidf_lexical+svd_dense_local+pgvector_sql→rrf→rerank
203,3c6b31bdf010c00c54723e08aa5f6e5ed6a8c30f471c0f7e0354cd8794335344,pausa,0.9709505944546686,0.0,1.0,2,3,0,pausa,tfidf_lexical+svd_dense_local+pgvector_sql→rrf→rerank
204,b5ecac7b34a1a1075fe4874535254b206ad5512c7e279ba108a436d6634830d7,pausa,1.3709505944546687,0.14111984526679383,0.8588801547332062,1,3,1,pausa,tfidf_lexical+svd_dense_local+pgvector_sql→rrf→rerank
205,7e59aec32a35cb63d6c4c6ac35fdf87a7b19315c9f0b3b56afa8f55ede8d6e3f,pausa,1.5219280948873621,0.11234039662172077,0.8876596033782791,2,2,1,play,tfidf_lexical+svd_dense_local+pgvector_sql→rrf→rerank
206,5038fd3290cc7bbec4ac4640a70d2200097d887006ce6f7b0dd9c9fa8f325a33,pausa,1.5219280948873621,0.13965647651891105,0.860343523481089,2,2,1,pausa,tfidf_lexical+svd_dense_local+pgvector_sql→rrf→rerank
207,a36c562436028006f3f931abe4f20ab448cee1f5412d8b352f01041869382ba3,play,0.7219280948873623,0.0631279312116018,0.936872068788398,0,4,1,pausa,tfidf_lexical+svd_dense_local+pgvector_sql→rrf→rerank
208,69860f3fb6b44a1afff5e38d13fc7f909ab7ddb029e22c2d94690eeba903f45e,pausa,0.7219280948873623,0.19919585393257866,0.8008041460674213,4,0,1,play,tfidf_lexical+svd_dense_local+pgvector_sql→rrf→rerank
209,317cebcc884449e17b6cbb2b7a92a38d1a6f8e9a7eb88f41c5ed6563e623e066,pausa,0.9709505944546686,0.0973239651614414,0.9026760348385585,2,3,0,pausa,tfidf_lexical+svd_dense_local+pgvector_sql→rrf→rerank
210,62598dd1638dae3538b77df625d966210f0576f2e5ed200a1086a93e80826c84,pausa,1.3709505944546687,0.2054453487617399,0.7945546512382601,1,3,1,pausa,tfidf_lexical+svd_dense_local+pgvector_sql→rrf→rerank
211,fbf5a9d86b0435c0c2720a64c4a39c6ffe665671daab502e1ff5e0ce25531a82,pausa,0.9709505944546686,0.0,1.0,3,2,0,play,tfidf_lexical+svd_dense_local+pgvector_sql→rrf→rerank
212,9d02dca510ffeb3d4449b4a25a6edc34677af32d2afa161a177b8343fb47b3a9,pausa,0.7219280948873623,0.01541273277602373,0.9845872672239763,0,4,1,pausa,tfidf_lexical+svd_dense_local+pgvector_sql→rrf→rerank
213,1adf80ca43d917e520f8a1fb9b09fa256608e2731ac706a91707ca17183eb29e,pausa,0.9709505944546686,0.10208884735194852,0.8979111526480515,3,2,0,play,tfidf_lexical+svd_dense_local+pgvector_sql→rrf→rerank
214,32ea74afd7376a08a8d3c28bdcff46d75bc65f13678357a44dfa7da0e4f53d52,pausa,0.9709505944546686,0.0747472193171177,0.9252527806828823,2,3,0,pausa,tfidf_lexical+svd_dense_local+pgvector_sql→rrf→rerank
215,aa24c2d21c50879261603984bad34075069af1bddd56d6a3c972090b21aa0cad,pausa,0.9709505944546686,0.08616502694847683,0.9138349730515232,3,2,0,play,tfidf_lexical+svd_dense_local+pgvector_sql→rrf→rerank
216,c0909f841bfaad4ea32046ac1724f8e55e7d0ec64fd45ff3adcf2c768587e235,pausa,0.9709505944546686,0.0,1.0,2,3,0,pausa,tfidf_lexical+svd_dense_local+pgvector_sql→rrf→rerank
217,a5c879ec847c506f32b1ff41f9c96912c4a103eecbac90ebfe037d699f39ae85,pausa,0.7219280948873623,0.18083371238251128,0.8191662876174888,4,1,0,play,tfidf_lexical+svd_dense_local+pgvector_sql→rrf→rerank
218,db94c8cb0da8432d50068e2907d000ebcc7e85c68138f9fd33e005b85f9585e4,stop,0.7219280948873623,0.12548262731674922,0.8745173726832508,1,4,0,pausa,tfidf_lexical+svd_dense_local+pgvector_sql→rrf→rerank
219,3c23a88240788a6cab4951b597076c7fdd83ceaa56001b9d942ad031cd6c4a5f,pausa,1.5219280948873621,0.26101557288296723,0.7389844271170329,2,2,1,play,tfidf_lexical+svd_dense_local+pgvector_sql→rrf→rerank
220,2749d02a325d97d7e43895648a5e3d79988c2dfa9d9efaca457a2786b8a5961f,pausa,1.3709505944546687,0.22807647805521186,0.7719235219447881,1,3,1,pausa,tfidf_lexical+svd_dense_local+pgvector_sql→rrf→rerank
221,9eba628a492d271f995c3d31403c70e0b298999f263351de038291a6d5b1eec9,pausa,0.7219280948873623,0.14018463637176043,0.8598153636282395,0,1,4,stop,tfidf_lexical+svd_dense_local+pgvector_sql→rrf→rerank
222,3b7d81340ef1129a03dbc67ac3c1154316c76f42a4db80dc178d62bec445c4e2,pausa,0.9709505944546686,0.24189008229591194,0.7581099177040882,3,2,0,play,tfidf_lexical+svd_dense_local+pgvector_sql→rrf→rerank
223,709f485136a3c2d639a52a4eb7edd89ee9906fffd5125d1d9a7d5a8015a2b268,pausa,1.5219280948873621,1.0,0.0,2,2,1,play,tfidf_lexical+svd_dense_local+pgvector_sql→rrf→rerank
224,5dbdd2c0f3388cc9f26c75b54f5681bb4af1e75a29a18496690cf55676fc9525,pausa,0.9709505944546686,0.16540169442469013,0.8345983055753099,3,2,0,play,tfidf_lexical+svd_dense_local+pgvector_sql→rrf→rerank
225,f36788ba330b5f5c4348ec156410d33a95bd7c1134fbbb8bcdc83565bca70872,pausa,1.5219280948873621,1.0,0.0,2,2,1,play,tfidf_lexical+svd_dense_local+pgvector_sql→rrf→rerank
226,0a0b6f265ce5869906b5f59658f63bcea9b192f8a1793acedb58ab9687f20550,pausa,1.3709505944546687,0.056496282643689444,0.9435037173563107,3,1,1,play,tfidf_lexical+svd_dense_local+pgvector_sql→rrf→rerank
227,26939377f44c2fb2a579c2cc5dfbcaa5ce7a8345bbe62ee1e2a4dfc788557f78,stop,0.9709505944546686,0.30978685263854955,0.6902131473614505,3,2,0,play,tfidf_lexical+svd_dense_local+pgvector_sql→rrf→rerank
228,47348fccc8c9f3a3bdc291169e76b60a897a5738755b31d0f5baeb00718582aa,play,0.7219280948873623,0.07058362531115307,0.9294163746888469,1,4,0,pausa,tfidf_lexical+svd_dense_local+pgvector_sql→rrf→rerank
229,3bc12ea5911c6a743716737c8a0abf288318cec5f6b29e5abcea106c118e6706,pausa,0.9709505944546686,0.062420727366014804,0.9375792726339853,2,3,0,pausa,tfidf_lexical+svd_dense_local+pgvector_sql→rrf→rerank
230,6be69a87b0c5f9cecd390be5b62a0cec4b40021c0ae2ab58a07977d9a5017d48,pausa,1.5219280948873621,0.11704114347507844,0.8829588565249216,2,1,2,play,tfidf_lexical+svd_dense_local+pgvector_sql→rrf→rerank
231,7e11540737728acbea5b84a73f16a4c66c4efe23741eac10298d0a84cfb4a496,pausa,0.9709505944546686,0.04882989287133595,0.9511701071286641,2,3,0,pausa,tfidf_lexical+svd_dense_local+pgvector_sql→rrf→rerank
232,4bede0fd5174db17d4c031c2bd0bbc7f7356ae49f102bb5735ddde7c7764bb3a,pausa,0.9709505944546686,0.02150106000438563,0.9784989399956144,2,3,0,pausa,tfidf_lexical+svd_dense_local+pgvector_sql→rrf→rerank
233,89cff7709759a822034aacfd8ade8ac793e08839a7950333dde1677ec467b74d,pausa,0.9709505944546686,0.25032379773927343,0.7496762022607266,3,2,0,play,tfidf_lexical+svd_dense_local+pgvector_sql→rrf→rerank
234,fa36705054f35377b5d814b60f42efb1fe5afeb6e8545b54a9af290b5ff077b9,pausa,0.9709505944546686,0.07038319956832591,0.929616800431674,0,3,2,pausa,tfidf_lexical+svd_dense_local+pgvector_sql→rrf→rerank
235,5cee507710ed7385b23c794f5724e7c1e465cee5da5d65a2b6c26bf89ccafc94,pausa,1.3709505944546687,0.28056603481494335,0.7194339651850566,1,3,1,pausa,tfidf_lexical+svd_dense_local+pgvector_sql→rrf→rerank
236,661428a0e32b9c3b03394b2e5aa0a8578ff858a3d8b762883455a037c736e59a,pausa,1.3709505944546687,0.0,1.0,1,3,1,pausa,tfidf_lexical+svd_dense_local+pgvector_sql→rrf→rerank
237,45e714a6a93822e75a4a2c6319e0b9c04c64a3f74b7813a0cdc380f6cdecbecf,pausa,1.3709505944546687,0.052809369560363084,0.947190630439637,1,3,1,pausa,tfidf_lexical+svd_dense_local+pgvector_sql→rrf→rerank
238,4ead21be24c0811e2bb544f80a0366f6af26e4e5c4e5054bc27f32900886a18d,stop,0.9709505944546686,0.04528115831131594,0.954718841688684,2,3,0,pausa,tfidf_lexical+svd_dense_local+pgvector_sql→rrf→rerank
239,0c35e6155a94c3d5bf9e62638a946d11b9599b28ed46067c7826a078862288e9,pausa,0.9709505944546686,0.13349943153106486,0.8665005684689351,3,2,0,play,tfidf_lexical+svd_dense_local+pgvector_sql→rrf→rerank
240,027475ed0871a18a075d18b5f99065c37e4516995e4ffac36308908de84d13c3,stop,-0.0,-2.220446049250313e-16,1.0000000000000002,0,0,5,stop,tfidf_lexical+svd_dense_local+pgvector_sql→rrf→rerank
241,e967ad2d270819c0e2c846cc9f3569e5532e6e4e688b3c9a34cae24d32cd2027,pausa,1.5219280948873621,0.11600193686934068,0.8839980631306593,2,2,1,pausa,tfidf_lexical+svd_dense_local+pgvector_sql→rrf→rerank
242,e205d491b339d65017db2aaabec3f8940e51b9eaccd10ae9920671a613170283,pausa,0.9709505944546686,0.07442133603071106,0.9255786639692889,2,0,3,stop,tfidf_lexical+svd_dense_local+pgvector_sql→rrf→rerank
243,c168a72c7fb2c6afa00f79341d7a6451743c6483370693b2213e870d8c8d7a20,pausa,1.3709505944546687,0.09646444113512298,0.903535558864877,1,3,1,pausa,tfidf_lexical+svd_dense_local+pgvector_sql→rrf→rerank
244,16dfba87efb823f8f11ad5f43976c71aea6340474908838cd367522d0d3c9ce3,pausa,-0.0,0.029191710906889323,0.9708082890931106,0,0,5,stop,tfidf_lexical+svd_dense_local+pgvector_sql→rrf→rerank
245,eb104173ae9d4c4d8afaf7f3cd0616a9b3c1f5a2c0484d042a7b129561bffbb7,pausa,1.3709505944546687,0.19788019166891685,0.8021198083310832,1,3,1,pausa,tfidf_lexical+svd_dense_local+pgvector_sql→rrf→rerank
246,960cb1531376846cc63bf081b850a483e5f0581fcdbc511555f965fdbe4f1eac,stop,0.7219280948873623,0.02235119423735461,0.9776488057626456,0,1,4,stop,tfidf_lexical+svd_dense_local+pgvector_sql→rrf→rerank
247,13af74b742af8ea491bd07c2e9ee5a44ff189a7396b9dcd126a12b7d19336e3d,pausa,1.5219280948873621,1.0,0.0,2,2,1,play,tfidf_lexical+svd_dense_local+pgvector_sql→rrf→rerank
248,90744435f823e50d2db65ec8b33d63fe5eb366d4337432eeb6b7efe3e0020680,pausa,1.5219280948873621,0.06956466222949009,0.9304353377705098,2,2,1,pausa,tfidf_lexical+svd_dense_local+pgvector_sql→rrf→rerank
249,db3fe3943a3dec13fdb47d1471be249416facc819b20dac2ceea50f000def945,pausa,0.7219280948873623,0.026450679664079435,0.9735493203359205,4,1,0,play,tfidf_lexical+svd_dense_local+pgvector_sql→rrf→rerank
250,c88778947036a97a1c73ea1e1e922eb12dc4d7fafd136a6fe1197a395fbb8fef,pausa,1.3709505944546687,0.16555209468013,0.83444790531987,1,1,3,stop,tfidf_lexical+svd_dense_local+pgvector_sql→rrf→rerank
251,4f9965b647d1d7ebccb5fa2d13f2e0bf0d6342824c9a8a0f834ff431720f8902,pausa,1.5219280948873621,0.17789642253745075,0.8221035774625491,2,2,1,play,tfidf_lexical+svd_dense_local+pgvector_sql→rrf→rerank
252,05f850e30f1066f18ad2eab938130bc37957ef93ab3ddf0a7ca9e9236152f1af,pausa,1.3709505944546687,0.3264721733897398,0.6735278266102602,1,3,1,pausa,tfidf_lexical+svd_dense_local+pgvector_sql→rrf→rerank
253,c29eddb642fdcba47c13423f2051ed6de17a6d9a18364a2d29bc3f5f49ccf449,pausa,1.3709505944546687,0.2063409723776936,0.7936590276223063,3,1,1,play,tfidf_lexical+svd_dense_local+pgvector_sql→rrf→rerank
254,4e5dc4208fe47f7a2213040fdb46a4732f627bf39e6a76b848acf931b9820f69,pausa,1.3709505944546687,0.10419650288926292,0.895803497110737,1,3,1,pausa,tfidf_lexical+svd_dense_local+pgvector_sql→rrf→rerank
255,620acff0875b40b9d76f409a852793c22b8aed4feb47ae4026b6544c1b22d7eb,pausa,1.5219280948873621,1.0,0.0,2,2,1,play,tfidf_lexical+svd_dense_local+pgvector_sql→rrf→rerank
256,0c44744efe7b3c3c787df86563459ccc7a132f0f0d789068f9da2013bf908ab8,pausa,0.7219280948873623,0.13645049533484505,0.8635495046651549,1,4,0,pausa,tfidf_lexical+svd_dense_local+pgvector_sql→rrf→rerank
257,e63de7c84d899d7e9bc6b11b04d2684d3b78a3dbe7ed8b6e726eca9502af6d8a,pausa,1.5219280948873621,1.0,0.0,2,2,1,play,tfidf_lexical+svd_dense_local+pgvector_sql→rrf→rerank
258,fc6f3eb84acc8ab293adaf6475b7f1971365aac268beb00a94aca6d63f940cbb,pausa,0.9709505944546686,0.04553668988983399,0.9544633101101659,2,3,0,pausa,tfidf_lexical+svd_dense_local+pgvector_sql→rrf→rerank
259,38545f172463cdda694285488d0eff85e7cfe5e8bd8f7d2e87fb301256a545ed,pausa,0.9709505944546686,-2.220446049250313e-16,1.0000000000000002,3,2,0,play,tfidf_lexical+svd_dense_local+pgvector_sql→rrf→rerank
260,b37ef8bb9e8aea6389ebaec8eadb1544c3a2977e45d98eb07a7f3d2ba0684fde,pausa,0.7219280948873623,0.05889502112829277,0.9411049788717072,0,4,1,pausa,tfidf_lexical+svd_dense_local+pgvector_sql→rrf→rerank
261,546b2c4ca8544cf936d71095f3e4a089a278f8b8d921c7a4dc72201f0c7d5c39,play,0.9709505944546686,0.142224183750143,0.857775816249857,3,2,0,play,tfidf_lexical+svd_dense_local+pgvector_sql→rrf→rerank
262,3b4ef53480bc78649b57d8895e021c0bf9906ac44b562096a73962bcac1be380,pausa,1.5219280948873621,0.10401591875567698,0.895984081244323,2,2,1,play,tfidf_lexical+svd_dense_local+pgvector_sql→rrf→rerank
263,23b57056a9b1330b0ec513dfb71d60ad1a0dfa97b295da6b87e09526acd9916d,pausa,1.3709505944546687,0.17792403815113977,0.8220759618488603,3,1,1,play,tfidf_lexical+svd_dense_local+pgvector_sql→rrf→rerank
264,b2875ffbadb0fc2578b7e04e4051d533645a5b01b7b4c602f5ebaac7f088e0cd,pausa,1.5219280948873621,1.0,0.0,2,2,1,play,tfidf_lexical+svd_dense_local+pgvector_sql→rrf→rerank
265,77db23f76871567d3c22e8ab8a22ddf677ed315b17381db16a6b55aed4dd4357,pausa,1.3709505944546687,0.02120118781808278,0.9787988121819172,1,1,3,stop,tfidf_lexical+svd_dense_local+pgvector_sql→rrf→rerank
266,aba8b9553c4c3d26f8eeb932b64911860c27836bcc1d63bff3c739a6b03c0577,pausa,0.7219280948873623,0.02496507081865278,0.9750349291813473,0,4,1,pausa,tfidf_lexical+svd_dense_local+pgvector_sql→rrf→rerank
267,ff123f925c04598f28748e249e8a4e2ea2ed3bf9aae1713420f312e4945afd38,pausa,0.9709505944546686,0.18379904129234498,0.8162009587076551,3,2,0,play,tfidf_lexical+svd_dense_local+pgvector_sql→rrf→rerank
268,109a5fcbb0e30f20469eca0ca453fab9c458da30625b8d3317b38c68cdb18f0e,pausa,1.5219280948873621,1.0,0.0,2,2,1,play,tfidf_lexical+svd_dense_local+pgvector_sql→rrf→rerank
269,e2ba3ad14369f2083a8e8f6b45d0b0b0eeb423ae480e817785a0266dec250c50,pausa,-0.0,0.15809569791470762,0.8419043020852923,5,0,0,play,tfidf_lexical+svd_dense_local+pgvector_sql→rrf→rerank
270,941e279fe4cb0c7de6c267e37ad5bcefb45c1bcdfed08b2d85cd0983aae3395b,pausa,1.5219280948873621,0.050994313229049106,0.9490056867709509,1,2,2,pausa,tfidf_lexical+svd_dense_local+pgvector_sql→rrf→rerank
271,e466aa34f1fee6eddc198b8a436fb8480574d59c4ce6904298c64521232a09cb,pausa,1.3709505944546687,0.16141839266980126,0.8385816073301987,1,3,1,pausa,tfidf_lexical+svd_dense_local+pgvector_sql→rrf→rerank
272,b468c58dbed16c644ba539e8604d11bc57da77e09be6de6a0aca5808812a86e6,pausa,0.9709505944546686,0.07687563860945734,0.9231243613905427,2,3,0,pausa,tfidf_lexical+svd_dense_local+pgvector_sql→rrf→rerank
273,3a5b76b5f89d3df7310a91029d6741c0201f3f0754e5c0c7a8c87963ff1de341,pausa,0.9709505944546686,0.027111437480455435,0.9728885625195446,2,3,0,pausa,tfidf_lexical+svd_dense_local+pgvector_sql→rrf→rerank
274,f3274d640645681a4226c5153fde08204ae66e72bcb8622ec46507487cc8b69b,pausa,0.9709505944546686,0.05142228499927559,0.9485777150007244,3,2,0,play,tfidf_lexical+svd_dense_local+pgvector_sql→rrf→rerank
275,038bb95919de3dccda33302cd38a983ce2aa572d746cc989aecf39f4206a2f2d,pausa,0.9709505944546686,0.0,1.0,2,3,0,pausa,tfidf_lexical+svd_dense_local+pgvector_sql→rrf→rerank
276,c126d2062e11518be639c124996082ff764f0824cad85f9d4892a194440a42b0,pausa,0.7219280948873623,0.1536692375330364,0.8463307624669636,4,1,0,play,tfidf_lexical+svd_dense_local+pgvector_sql→rrf→rerank
277,3afc3a413c9720c7de37e0ff5a7b2fb359405fbf9c7eb2eca038aa6d3daa06fb,pausa,0.7219280948873623,0.0,1.0,4,1,0,play,tfidf_lexical+svd_dense_local+pgvector_sql→rrf→rerank
278,6f1a18deb9ce3ac28137edb6c81543a4e5552083c0e3066cdc756edc570e0344,pausa,0.9709505944546686,0.21213504028557217,0.7878649597144278,2,3,0,pausa,tfidf_lexical+svd_dense_local+pgvector_sql→rrf→rerank
279,81529d75c7a7dd1cd30819d510bc6c52324ab89a5e9e68e330ef65c34f93ea75,pausa,0.7219280948873623,0.17153457878544823,0.8284654212145519,1,4,0,pausa,tfidf_lexical+svd_dense_local+pgvector_sql→rrf→rerank
280,81e795179cad1652ea0ad25ddbe3fbbfebb31e52cc9ac230c554e9d6c36ffda2,play,0.9709505944546686,0.21277294835132426,0.7872270516486758,2,3,0,pausa,tfidf_lexical+svd_dense_local+pgvector_sql→rrf→rerank
281,e6b1729aa2032bb78d6426b01a461a55d8fa894b88ee99221e69c3cdc33f6e00,pausa,0.9709505944546686,0.0,1.0,3,2,0,play,tfidf_lexical+svd_dense_local+pgvector_sql→rrf→rerank
282,3df60837c60dbc6e22da783114380d72ee85da08796eb6d79b3bf178cdc788df,pausa,0.9709505944546686,0.0,1.0,2,3,0,pausa,tfidf_lexical+svd_dense_local+pgvector_sql→rrf→rerank
283,e5883cae55dca1667c754deeeab4e601e9d5e5866615870cfff3f6865450de08,pausa,1.5219280948873621,0.20052961774585382,0.7994703822541462,2,2,1,play,tfidf_lexical+svd_dense_local+pgvector_sql→rrf→rerank
284,0e5a9c08c96c71709860e63684aa03e12451804f060bb8fda8bd8e9a35460784,pausa,0.9709505944546686,0.15696155372411236,0.8430384462758876,3,0,2,play,tfidf_lexical+svd_dense_local+pgvector_sql→rrf→rerank
285,e202aa05894906653558aaff19fed832680d8cb17da7bc7fab9f91ba927df487,pausa,-0.0,0.14826486958838134,0.8517351304116186,0,0,5,stop,tfidf_lexical+svd_dense_local+pgvector_sql→rrf→rerank
286,fc7733c85e559840d64911d4ddebd3fe9581a18d23c89983adb1dcc2a43542aa,pausa,0.9709505944546686,0.10233249902463445,0.8976675009753656,2,3,0,pausa,tfidf_lexical+svd_dense_local+pgvector_sql→rrf→rerank
287,302c1f85595999acd2480bd651e164d6a4c63299b439cf03cb0b46ec8385a7f0,pausa,1.5219280948873621,0.251530787124993,0.748469212875007,2,2,1,play,tfidf_lexical+svd_dense_local+pgvector_sql→rrf→rerank
288,ddaef04dec17d497ff6af063502f72a48207a4afc02a410fe39cfb4e0a678cc3,pausa,1.3709505944546687,0.11665796007303113,0.8833420399269688,1,3,1,pausa,tfidf_lexical+svd_dense_local+pgvector_sql→rrf→rerank
289,07b966ef42125793850653859d88dcf5a11402bc8d7f124c7c24dca84ff42085,pausa,0.9709505944546686,0.02449490333220894,0.9755050966677912,3,0,2,play,tfidf_lexical+svd_dense_local+pgvector_sql→rrf→rerank
290,5bad99cd584287859c765954cd2ddee3bc20a41e73a5b82edc32b34979582bf8,pausa,0.9709505944546686,0.08038160624994328,0.9196183937500567,0,3,2,pausa,tfidf_lexical+svd_dense_local+pgvector_sql→rrf→rerank
291,8fe033e6f5162e63a4c15187bfbb9a2e269aaaef50861f774e881caf24a4aba2,pausa,0.9709505944546686,0.163410438289809,0.836589561710191,3,2,0,play,tfidf_lexical+svd_dense_local+pgvector_sql→rrf→rerank
292,08a8753bf7eff533adaaafef1ac4381b76821561583fc47a7575b1745d248b06,pausa,0.7219280948873623,0.0,1.0,4,1,0,play,tfidf_lexical+svd_dense_local+pgvector_sql→rrf→rerank
293,ee7f2eda665d9e63a2e8d15c8dd30c82123e1fd21937ac6817c8262c49415a7e,pausa,1.3709505944546687,0.1703602465178471,0.829639753482153,3,1,1,play,tfidf_lexical+svd_dense_local+pgvector_sql→rrf→rerank
294,0a6a27d95d8631292f8c0291dd2e7fda440ab4b6980cc8d3d7208d521ce2238b,pausa,-0.0,0.05755519005741472,0.9424448099425853,0,0,5,stop,tfidf_lexical+svd_dense_local+pgvector_sql→rrf→rerank
295,9954363959fe20196d514c4871085a2f5e805d6a7ca589105f7c6faf5e9224b4,pausa,1.3709505944546687,0.06868057888067218,0.9313194211193278,1,3,1,pausa,tfidf_lexical+svd_dense_local+pgvector_sql→rrf→rerank
296,299cc207ad60dd38ae6a66b3308766f6bb86d35f6711e617c6e39704a1cc6093,pausa,1.3709505944546687,0.13342766734484576,0.8665723326551543,1,3,1,pausa,tfidf_lexical+svd_dense_local+pgvector_sql→rrf→rerank
297,0eb588ffa92d8390744885e32f8c9b737562f378f6eada53b4cefe480a398faa,pausa,1.5219280948873621,0.0,1.0,1,2,2,stop,tfidf_lexical+svd_dense_local+pgvector_sql→rrf→rerank
298,6b2d268cb45906267168f1de88541cb12e32bbafdc60f633d071953c5b067fe2,pausa,0.9709505944546686,0.2853139981595406,0.7146860018404595,2,3,0,pausa,tfidf_lexical+svd_dense_local+pgvector_sql→rrf→rerank
299,16d21074d7444a05bc48046246315c7d35ef0410dffd78d79893e4e8ef4459a2,pausa,1.5219280948873621,0.16297118773479513,0.8370288122652049,2,1,2,play,tfidf_lexical+svd_dense_local+pgvector_sql→rrf→rerank
300,ac9e40e3f8528fa8a1638d28b4aa6f0e870fa3c4e0f1814e27be8debdd348958,pausa,0.7219280948873623,0.02508630024124292,0.974913699758757,0,1,4,stop,tfidf_lexical+svd_dense_local+pgvector_sql→rrf→rerank
301,50d2ef31ae8ef096f1e6ba4228819bdfdaa59f46fba7ea36c9b8f87a93995d9c,pausa,-0.0,-4.440892098500626e-16,1.0000000000000004,0,0,5,stop,tfidf_lexical+svd_dense_local+pgvector_sql→rrf→rerank
302,2dd6f3d3960624ee67a2fe9ae4a8b477669609690ad54a1f33f75b9d24fe544c,stop,-0.0,0.06027894384727732,0.9397210561527227,0,0,5,stop,tfidf_lexical+svd_dense_local+pgvector_sql→rrf→rerank
303,264a00501b6fd99a06f166f64a776d13f93339f26d242050592fbd4cfc2e56e8,pausa,1.5219280948873621,0.14266338603855222,0.8573366139614478,1,2,2,pausa,tfidf_lexical+svd_dense_local+pgvector_sql→rrf→rerank
304,527906d9b3faa51f4dbddc0f0edf56ecd8060a0130fec27fd1ae36b31018fe83,pausa,0.9709505944546686,0.15248489903841933,0.8475151009615807,3,2,0,play,tfidf_lexical+svd_dense_local+pgvector_sql→rrf→rerank
305,786c1dd04bcd435ff7f95195a5f075662a45dfd80a465d988e7b86ebd4871a59,pausa,1.5219280948873621,0.13965647651891105,0.860343523481089,2,2,1,pausa,tfidf_lexical+svd_dense_local+pgvector_sql→rrf→rerank
306,af4f5c14edaf2e8b4341ba31b4aa0b79c7cec24729dc58f4352fd2a24fb27eaa,pausa,0.7219280948873623,0.004904650492170259,0.9950953495078296,1,4,0,pausa,tfidf_lexical+svd_dense_local+pgvector_sql→rrf→rerank
307,3ae13c8d66431f7560b91e241af8bcbb09b1d857ddc59b033463ef4c47b92a6f,play,-0.0,0.2135280190833358,0.7864719809166643,5,0,0,play,tfidf_lexical+svd_dense_local+pgvector_sql→rrf→rerank
308,240a6bce342f9e7762e661ec1dec0caac20b353782f99c55924417e64100cff4,pausa,1.3709505944546687,0.0,1.0,1,3,1,pausa,tfidf_lexical+svd_dense_local+pgvector_sql→rrf→rerank
309,e12e6134c44d2a38c0aa9dd00ebcd3dcbc0d76546e4aa13007122c3c50e95dd6,pausa,0.7219280948873623,0.08772719199983503,0.912272808000165,4,1,0,play,tfidf_lexical+svd_dense_local+pgvector_sql→rrf→rerank
310,781aba4f60bc9014674505b3ee859a338f601c7a2b9e80e68d7d949c7cd8bea6,play,0.9709505944546686,0.08278091580187448,0.9172190841981255,2,3,0,pausa,tfidf_lexical+svd_dense_local+pgvector_sql→rrf→rerank
311,50df4849e1e5107a65cb526815710b964adfed4e1988b57c3c221413be0d2234,pausa,1.5219280948873621,0.0,1.0,2,2,1,pausa,tfidf_lexical+svd_dense_local+pgvector_sql→rrf→rerank
312,3a766e99381441db9b764479b45571b4bb2f7ea0e41a697e6accbcaf4c851fd1,pausa,0.7219280948873623,0.05780041867508192,0.9421995813249181,4,0,1,play,tfidf_lexical+svd_dense_local+pgvector_sql→rrf→rerank
313,82a6b4eaafe5af9acd4814932fa159a69237e3633487b95590b95c6671f5d663,pausa,1.5219280948873621,0.02310279776936206,0.9768972022306379,2,2,1,play,tfidf_lexical+svd_dense_local+pgvector_sql→rrf→rerank
314,44ce8b782174a468aa471d06b51bb867f9fb807fa47ee6fbd553995d22eef08c,pausa,1.5219280948873621,1.0,0.0,2,2,1,play,tfidf_lexical+svd_dense_local+pgvector_sql→rrf→rerank
315,ee7142a3feae2c5b4d1c6ed1dfc0828005092b7ae7d75e288bec088b9cfd4add,pausa,0.7219280948873623,0.18617339519749468,0.8138266048025053,4,0,1,play,tfidf_lexical+svd_dense_local+pgvector_sql→rrf→rerank
316,eb14f5514805a51eacb0af12e690c6625e796a5a74c268dddf3767ad4945be36,pausa,-0.0,0.21012292845960712,0.7898770715403929,5,0,0,play,tfidf_lexical+svd_dense_local+pgvector_sql→rrf→rerank
317,5950aeefbcd88f2c08bda690437e3b9d19b8916a81b589219c714026f77217b6,pausa,1.3709505944546687,0.4140995325153497,0.5859004674846503,3,1,1,play,tfidf_lexical+svd_dense_local+pgvector_sql→rrf→rerank
318,2f3a2a2621f1a0a890f23798ea1a827297c40083b74d5ea4f05e08a65a85043e,pausa,1.3709505944546687,1.1102230246251565e-16,0.9999999999999998,3,1,1,play,tfidf_lexical+svd_dense_local+pgvector_sql→rrf→rerank
319,27c98ec4585ce1d5b545a4839e354dfc61318d5a588bba20aa7607fe2c0e7fb2,pausa,0.7219280948873623,0.03379981424344671,0.9662001857565533,0,4,1,pausa,tfidf_lexical+svd_dense_local+pgvector_sql→rrf→rerank
320,f471e869b897c40970ecad3e7dccffb45b01202fdaad2b20de89900ee099b16a,pausa,0.7219280948873623,0.0,1.0,4,0,1,play,tfidf_lexical+svd_dense_local+pgvector_sql→rrf→rerank
321,d7469d2fc8dbb4b0c26f4f742edd3cf214a8c5998c3d0e85e9bef216685947a4,pausa,0.7219280948873623,0.09037214120209316,0.9096278587979068,1,0,4,stop,tfidf_lexical+svd_dense_local+pgvector_sql→rrf→rerank
322,a49d8a8cdbc6d07991e96b689b500e11d6a8366c882434bcd67132b6e1753018,pausa,0.9709505944546686,0.1274146293675147,0.8725853706324853,3,2,0,play,tfidf_lexical+svd_dense_local+pgvector_sql→rrf→rerank
323,941d29fd7c4354242b72268ca2f0303df61f9d6a722179067e08233d70a37f64,pausa,0.7219280948873623,0.03521861824915873,0.9647813817508413,1,4,0,pausa,tfidf_lexical+svd_dense_local+pgvector_sql→rrf→rerank
324,8c25b6baac9a2e353c1f7b390db0d4585c8ae90de5486b765131d1e38a5e58c2,stop,0.7219280948873623,0.09206764546839274,0.9079323545316071,4,0,1,play,tfidf_lexical+svd_dense_local+pgvector_sql→rrf→rerank
325,a2fc1798212b31cace9fc5c748dc19193f15e1d43b24ce06d362509961cd80b9,pausa,0.9709505944546686,0.14380804323836566,0.8561919567616343,3,2,0,play,tfidf_lexical+svd_dense_local+pgvector_sql→rrf→rerank
326,54fbd34cb00461b7490364e3016d3eb8368e3fd9e5cd2f3dd77a11501b65cf0c,pausa,1.5219280948873621,0.22952865421691554,0.7704713457830845,1,2,2,stop,tfidf_lexical+svd_dense_local+pgvector_sql→rrf→rerank
327,3efc314aa8abacb8f732e991fefe05cea4e5235a806ba28a84fb2af22ea57674,pausa,0.9709505944546686,0.07934070990880893,0.9206592900911911,2,3,0,pausa,tfidf_lexical+svd_dense_local+pgvector_sql→rrf→rerank
328,ee28bd0218d70c1f7a117b27ad1bbbcbe3079325a1690824639a5dd592a94917,pausa,0.9709505944546686,0.04222055046537747,0.9577794495346226,3,2,0,play,tfidf_lexical+svd_dense_local+pgvector_sql→rrf→rerank
329,cc8bbcfeca8e56e22e12b3c47bd0f8255314407fc0a9049ccb8549be8583f023,pausa,1.5219280948873621,0.15030969635658925,0.8496903036434107,2,2,1,play,tfidf_lexical+svd_dense_local+pgvector_sql→rrf→rerank
330,b0e3d43dbbf1f4b62d7ae36b08a2023c8ba8763148034cd99fc036d9dcc8c40d,pausa,0.7219280948873623,-2.220446049250313e-16,1.0000000000000002,4,0,1,play,tfidf_lexical+svd_dense_local+pgvector_sql→rrf→rerank
331,0af94b83a8a1846ba48dbdee54faad7b7a486396a1632cb09e9bb789a44a00c9,pausa,1.5219280948873621,0.0,1.0,2,2,1,play,tfidf_lexical+svd_dense_local+pgvector_sql→rrf→rerank
332,7410fc36e22307782ad263d4482fa482dcdd492c06cc6a8809cfc1abc0f41f2c,pausa,1.5219280948873621,0.14797881127414425,0.8520211887258557,2,2,1,play,tfidf_lexical+svd_dense_local+pgvector_sql→rrf→rerank
333,f4e9af069887e87cabe68ed5c846f4b290dc4abf973a0398c14a51c59a31232d,pausa,0.7219280948873623,0.0498897364514439,0.9501102635485561,0,4,1,pausa,tfidf_lexical+svd_dense_local+pgvector_sql→rrf→rerank
334,fd7f1b71ec451476de077c216cf12cc3906c393bea5c6f159797a8479d46c224,pausa,0.7219280948873623,-2.220446049250313e-16,1.0000000000000002,4,0,1,play,tfidf_lexical+svd_dense_local+pgvector_sql→rrf→rerank
335,a79af94d5179033d51bf581bbc88ef662f01725772de814fa6caa3ccf671410a,pausa,1.3709505944546687,0.08711309167161745,0.9128869083283826,3,1,1,play,tfidf_lexical+svd_dense_local+pgvector_sql→rrf→rerank
336,061f3d6baee8793080f4d6ad0ec5725aa96040d55c6a41a4cdb7df7393cf81f0,pausa,1.5219280948873621,0.08565758632695653,0.9143424136730435,1,2,2,pausa,tfidf_lexical+svd_dense_local+pgvector_sql→rrf→rerank
337,c9f9feb7b083cc783de11431e9fa9573f5f4c3fa3d7bbc57c43d97ec6076ce28,play,0.9709505944546686,0.23937064271031416,0.7606293572896858,2,3,0,pausa,tfidf_lexical+svd_dense_local+pgvector_sql→rrf→rerank
338,9971be97f813f946f495f1b875f7d37aad21f0426fca9a7ce3a632368a8bf7f8,pausa,0.9709505944546686,0.07847694946727775,0.9215230505327223,2,3,0,pausa,tfidf_lexical+svd_dense_local+pgvector_sql→rrf→rerank
339,b6789c47adcf8379b35b5def06dd6e0a34d44832bdcab92ed9dc320b149595ea,pausa,0.7219280948873623,0.17893436297045615,0.8210656370295439,4,0,1,play,tfidf_lexical+svd_dense_local+pgvector_sql→rrf→rerank
340,f8a0df5a23a81b5944356bdad3036bbe7a6ab71a2d7c1157064ad579d52fa5ea,pausa,1.3709505944546687,0.10849280715760759,0.8915071928423923,3,1,1,play,tfidf_lexical+svd_dense_local+pgvector_sql→rrf→rerank
341,10f8503b15739f8cc0bccf2a07309ae39e0a638529a8f1e9a0d4a1cb514e0acd,pausa,1.5219280948873621,-2.220446049250313e-16,1.0000000000000002,2,2,1,play,tfidf_lexical+svd_dense_local+pgvector_sql→rrf→rerank
342,908e3c5d20c7fdd32dc5ba2e82f8cac0ac155fe4b24b0ad97ccb50079d8ccff1,pausa,0.9709505944546686,0.12454590902902965,0.8754540909709704,0,2,3,stop,tfidf_lexical+svd_dense_local+pgvector_sql→rrf→rerank
343,2b6a846e2035520cbad56c0a1b2b6bf942d8e70f2a86bf407daf10d984b0325f,pausa,0.7219280948873623,0.2030481217227818,0.7969518782772183,1,4,0,pausa,tfidf_lexical+svd_dense_local+pgvector_sql→rrf→rerank
344,6300e20c9c850507c80dbe1c1fe0b85440757b24acd9bc3cb69ed24a4d2bd635,pausa,1.5219280948873621,0.18115175040410683,0.8188482495958933,2,2,1,pausa,tfidf_lexical+svd_dense_local+pgvector_sql→rrf→rerank
345,549c27565c573a15b3272524dc22405339820f8b8217970688d4052c72f70220,pausa,1.5219280948873621,0.04067010250133096,0.9593298974986691,1,2,2,pausa,tfidf_lexical+svd_dense_local+pgvector_sql→rrf→rerank
346,eb7bf3eaeae74c54be27d17c983d16e1a8dc08f1ec0aec38cd83d977ce785123,pausa,0.7219280948873623,0.0,1.0,4,0,1,play,tfidf_lexical+svd_dense_local+pgvector_sql→rrf→rerank
347,fe052d49fa5ccefa1b56eec1f38cd3d114e40f466592a2d28d9f6e8ec9a0d8a2,pausa,1.3709505944546687,0.06926359362892291,0.9307364063710771,1,3,1,pausa,tfidf_lexical+svd_dense_local+pgvector_sql→rrf→rerank
348,e761c6771bf55d7a9a20659014b15c806570e54db57854111f617fe894ca9ab6,pausa,0.9709505944546686,0.02755087448046123,0.9724491255195387,3,2,0,play,tfidf_lexical+svd_dense_local+pgvector_sql→rrf→rerank
349,ab4c194ca0bfd6f443d23dddaa9dbe7131f9ead6a3b6b89a98875f5acc888559,play,1.5219280948873621,0.0,1.0,2,2,1,play,tfidf_lexical+svd_dense_local+pgvector_sql→rrf→rerank
350,10ad12bdc090182f2c099d45a0aaeb2731841a3255dbe9ef23c09db48e771519,pausa,0.9709505944546686,0.12343136790708824,0.8765686320929118,0,3,2,pausa,tfidf_lexical+svd_dense_local+pgvector_sql→rrf→rerank
351,030adbbe65b696a90525be5c704aac3f493f8af1f977f8c449c6cc8529560af2,pausa,-0.0,0.02542243995932385,0.9745775600406761,5,0,0,play,tfidf_lexical+svd_dense_local+pgvector_sql→rrf→rerank
352,4a2ce2b9061c63d2bb8299c4def6ebfcf6ce15cfbf496adbf56ad41aaac48e19,pausa,0.9709505944546686,0.055053094505683964,0.944946905494316,0,3,2,pausa,tfidf_lexical+svd_dense_local+pgvector_sql→rrf→rerank
353,a13f4ba1ec42acdfca23adf011ff3a2782305b15aead36523788570bbc275673,pausa,-0.0,0.0,1.0,0,0,5,stop,tfidf_lexical+svd_dense_local+pgvector_sql→rrf→rerank
354,f9d4aa118afb909f1be425bfa99d2f4bfad2661a441f3fa35369bcfeb8118238,pausa,0.9709505944546686,0.08731024394530662,0.9126897560546933,3,2,0,play,tfidf_lexical+svd_dense_local+pgvector_sql→rrf→rerank
355,8457c17c5e8b533c487144b75649f8238bfe7bfbf707fe4e5333368467d69ea0,stop,0.7219280948873623,0.13907732410230023,0.8609226758976998,0,1,4,stop,tfidf_lexical+svd_dense_local+pgvector_sql→rrf→rerank
356,a627ce6e661f7ce8fcb813ac56e3eb6514a2d151c85a2e60bb8150afc4426438,pausa,1.3709505944546687,0.09105619765126272,0.9089438023487373,1,3,1,pausa,tfidf_lexical+svd_dense_local+pgvector_sql→rrf→rerank
357,3b7f8bf0cf46806d15878f89f6eaadabc9920d16537d552e2f0abdded2a26403,pausa,0.7219280948873623,0.11715455480589673,0.8828454451941032,1,4,0,pausa,tfidf_lexical+svd_dense_local+pgvector_sql→rrf→rerank
358,4cfd649b12bb64c4d3ddc97d1e3f0db5412b6967eba1efef23d0342c222a9cce,stop,-0.0,-2.220446049250313e-16,1.0000000000000002,0,0,5,stop,tfidf_lexical+svd_dense_local+pgvector_sql→rrf→rerank
359,bada0dc043c6a774f4c4f1e47a73f305fd92c06f298bb827b0e3b830632771f2,pausa,1.5219280948873621,0.15865488167607106,0.8413451183239289,2,1,2,stop,tfidf_lexical+svd_dense_local+pgvector_sql→rrf→rerank
360,142639bdde37002b74c8df3c590a748b09886620e21012726494b2e36077608f,pausa,0.9709505944546686,0.1361367244203659,0.863863275579634,2,3,0,pausa,tfidf_lexical+svd_dense_local+pgvector_sql→rrf→rerank
361,6bb18e6862dad03cecc045c43c4e87aad63079d12dc8a8943b2b11420bdf3c56,pausa,0.7219280948873623,0.24256994850262492,0.757430051497375,0,1,4,stop,tfidf_lexical+svd_dense_local+pgvector_sql→rrf→rerank
362,18f6fb9e74dff73d9091fd311a29c996264b3a1d36974dcd2a430e5e64a06c2a,pausa,1.5219280948873621,0.0,1.0,2,1,2,stop,tfidf_lexical+svd_dense_local+pgvector_sql→rrf→rerank
363,f4a8e10db4bb364877cd51d7b8be0b0cffff6272ce725a87e1d5cf756eef2961,pausa,0.7219280948873623,0.09205277239503244,0.9079472276049676,0,4,1,pausa,tfidf_lexical+svd_dense_local+pgvector_sql→rrf→rerank
364,ac11da801e7ecc58d09b7991ed7e93800b11b821a9bad63ba306e66f32eb2228,pausa,1.5219280948873621,1.0,0.0,2,2,1,play,tfidf_lexical+svd_dense_local+pgvector_sql→rrf→rerank
365,c2e824af64c6c136b5aba35cd0445a072f75f65769b7d69a23cd36c7f5ed4e3a,stop,-0.0,-2.220446049250313e-16,1.0000000000000002,0,0,5,stop,tfidf_lexical+svd_dense_local+pgvector_sql→rrf→rerank
366,09a06099f012ed176d05845466a203ff7a1dbbddc4c9b3f4d0dbb570a2965349,pausa,1.3709505944546687,0.2307558541004972,0.7692441458995027,1,3,1,pausa,tfidf_lexical+svd_dense_local+pgvector_sql→rrf→rerank
367,6ff05a310a6d6b24743dcfa5df02131ca7284f83cc2404e8ba7c7b4153753779,pausa,1.3709505944546687,0.0,1.0,1,1,3,stop,tfidf_lexical+svd_dense_local+pgvector_sql→rrf→rerank
368,a81a67d208ecd1c9e09536dc2ac8642fa2b2535cad422758f3f8e3770726afb9,pausa,1.3709505944546687,1.1102230246251565e-16,0.9999999999999998,3,1,1,play,tfidf_lexical+svd_dense_local+pgvector_sql→rrf→rerank
369,4915e85c49ce8712f5648190c40646000567f9419bb581b15dc26ab03e652d57,pausa,0.7219280948873623,0.15203277458728692,0.8479672254127131,1,4,0,pausa,tfidf_lexical+svd_dense_local+pgvector_sql→rrf→rerank
370,a064810a11ecf832b0a38b0fc890d4efbb457cb575ed04c7865b24d9c870ff0f,pausa,-0.0,0.12258316535768599,0.8774168346423139,0,5,0,pausa,tfidf_lexical+svd_dense_local+pgvector_sql→rrf→rerank
371,127fdcccfa1e38bd844ca45d6dc75ebb6851d5fbe05b064374a0441ab3568bd2,pausa,1.5219280948873621,0.12790778538631536,0.8720922146136847,1,2,2,pausa,tfidf_lexical+svd_dense_local+pgvector_sql→rrf→rerank
372,a66dd3b911179b482d8976b47a97ed71438e3b062a54f4bc0f258e784496aff3,pausa,0.9709505944546686,0.0,1.0,3,2,0,play,tfidf_lexical+svd_dense_local+pgvector_sql→rrf→rerank
373,609d6407df275cd93005d127a2627ecb88a62f9e7f7472552754dd40b8430d77,play,-0.0,0.12536820143832655,0.8746317985616734,5,0,0,play,tfidf_lexical+svd_dense_local+pgvector_sql→rrf→rerank
374,9c7bd7d588b8ee32987bda4f097cd205bc03ccc0f8f8ed18e2f73c4a23868c57,pausa,1.3709505944546687,0.0601298344126211,0.939870165587379,1,3,1,pausa,tfidf_lexical+svd_dense_local+pgvector_sql→rrf→rerank
375,f763cc899909632f1aaed4afeb5a9adb90969732a1ab952aaf46e8b0be38a4d4,pausa,0.7219280948873623,0.05453353470530371,0.9454664652946964,0,4,1,pausa,tfidf_lexical+svd_dense_local+pgvector_sql→rrf→rerank
376,ef2fa44f9a72cca63bd36129cb38a4af248dabecb30b84e4ec484087c8d65344,pausa,0.7219280948873623,0.09833755654795473,0.9016624434520452,1,4,0,pausa,tfidf_lexical+svd_dense_local+pgvector_sql→rrf→rerank
377,f6aa781710715c5965877e926671ea9aec3a3bb3a6b8ab3d57424472f81bb37d,pausa,-0.0,0.05445155758255327,0.9455484424174466,0,0,5,stop,tfidf_lexical+svd_dense_local+pgvector_sql→rrf→rerank
378,7379519e44871e579712c7da6f6115a1ebb62545b6c12ec4f44ccc51626b0af3,pausa,1.3709505944546687,0.06806677361668645,0.9319332263833136,1,3,1,pausa,tfidf_lexical+svd_dense_local+pgvector_sql→rrf→rerank
379,32e2ea892070d812d290162e0566d153dff3c1d842abe5e7a2c506d1ae03472f,pausa,0.7219280948873623,-2.220446049250313e-16,1.0000000000000002,0,4,1,pausa,tfidf_lexical+svd_dense_local+pgvector_sql→rrf→rerank
380,fe0a7feefe2198d4e5c02651536e6848beab8f4359bb528e134c58023aca77a8,pausa,0.9709505944546686,0.08722671317430064,0.9127732868256994,3,2,0,play,tfidf_lexical+svd_dense_local+pgvector_sql→rrf→rerank
381,a0bb2db0dc3aa77e8d0912dd285c74695aebd17e57321d4abe273dcb039c8105,pausa,0.7219280948873623,0.30691036777997016,0.69308963222003,4,1,0,play,tfidf_lexical+svd_dense_local+pgvector_sql→rrf→rerank
382,17dd0fc9ccbd6971138ccd0403c1fc1222aee1faa8da99765ac345c18769ed4c,pausa,1.3709505944546687,0.1374795082869989,0.8625204917130012,1,3,1,pausa,tfidf_lexical+svd_dense_local+pgvector_sql→rrf→rerank
383,1fb08f21f595dfc27baf57eff8eaed1794ee2c832f4d70bd33f36ac13fe2982e,pausa,1.5219280948873621,1.0,0.0,2,2,1,play,tfidf_lexical+svd_dense_local+pgvector_sql→rrf→rerank
384,b057a491638bfa53039cb448901d376d0fe9a5c20f42969bae05345bd0b2ce57,pausa,1.5219280948873621,0.20680700593694284,0.7931929940630571,2,1,2,stop,tfidf_lexical+svd_dense_local+pgvector_sql→rrf→rerank
385,430367494f2aa265face86db19775a6601870a9d7f25a769e718ed8e5b92768b,pausa,1.3709505944546687,0.09367275393956627,0.9063272460604338,1,3,1,pausa,tfidf_lexical+svd_dense_local+pgvector_sql→rrf→rerank
386,9e3a429a3947cd76dd4182c2ad5f0a3c5960b297cbf4609168e0439d079e8e70,pausa,1.5219280948873621,0.1370065310439686,0.8629934689560315,2,2,1,play,tfidf_lexical+svd_dense_local+pgvector_sql→rrf→rerank
387,ad226cfa9f56b8607eceeef2ffb78a5162d5ca2a8cc3ac6d96a2f4ab5ab5c7d7,stop,-0.0,0.10546117859024735,0.8945388214097527,0,0,5,stop,tfidf_lexical+svd_dense_local+pgvector_sql→rrf→rerank
388,07d2657af9d50a0faef11ca987b29db44c13b0352ac12dd4b149ca649862c1f8,pausa,1.5219280948873621,1.0,0.0,2,2,1,play,tfidf_lexical+svd_dense_local+pgvector_sql→rrf→rerank
389,f65722bc3f67670f4162c1130226e2fd66d0484ac988bff4212fd8b17d7fb6a5,pausa,-0.0,0.03509387838081608,0.9649061216191839,0,5,0,pausa,tfidf_lexical+svd_dense_local+pgvector_sql→rrf→rerank
390,7779c8b9854766029e0490d846487ff2bf204d8015f67966f8995b249c030999,pausa,1.3709505944546687,0.06499238055683276,0.9350076194431672,1,3,1,pausa,tfidf_lexical+svd_dense_local+pgvector_sql→rrf→rerank
391,dc0e31e3408c4fc6d42d97ae0b2db33a63b5dfce584be718d6e6d3045383fd21,pausa,0.9709505944546686,0.16724883880366556,0.8327511611963345,3,2,0,play,tfidf_lexical+svd_dense_local+pgvector_sql→rrf→rerank
392,ab50225667da344efa91077b60154d93f754ee4d80eebda11a1b673d10c871b7,stop,-0.0,1.1102230246251565e-16,0.9999999999999998,0,0,5,stop,tfidf_lexical+svd_dense_local+pgvector_sql→rrf→rerank
393,37d1d017e48e6e97d120b7d0ecd79caeff02111d9f5d236c0a80c9a2ca374c64,play,0.9709505944546686,0.13729026712135495,0.8627097328786452,3,2,0,play,tfidf_lexical+svd_dense_local+pgvector_sql→rrf→rerank
394,02528b69308c856a27976ae4247701a355d2722d10fd2e159869356dc5d958b5,pausa,-0.0,0.12360473471270383,0.8763952652872963,5,0,0,play,tfidf_lexical+svd_dense_local+pgvector_sql→rrf→rerank
395,d0d0476625b205100e5b3bcda5c2032dfc85a80bceea8dff3e5bd065e6a0a81a,pausa,0.9709505944546686,0.20228043970036574,0.7977195602996341,2,3,0,pausa,tfidf_lexical+svd_dense_local+pgvector_sql→rrf→rerank
396,ca3dc08dc41c6c90877c73ec5a34eb4154d654e3334fe2a0a84862dee37142d8,pausa,0.9709505944546686,0.23374965694851674,0.7662503430514833,2,3,0,pausa,tfidf_lexical+svd_dense_local+pgvector_sql→rrf→rerank
397,03d5c68a78e51945763aa0e1f12b0421dac08a15fd39c37f9fbc52785a6436e4,pausa,1.3709505944546687,0.18943154106345395,0.8105684589365459,1,3,1,pausa,tfidf_lexical+svd_dense_local+pgvector_sql→rrf→rerank
398,e4ab9680e6ba1db96eea58a727f68b4781115d8598ebd80af4ebff84bc65d0fa,pausa,1.3709505944546687,0.2389602210255899,0.7610397789744102,1,3,1,pausa,tfidf_lexical+svd_dense_local+pgvector_sql→rrf→rerank
399,22a8a59b64a1eb5fec172c3c74114bdb6fc31f0c8bd67bf0a01a84fb81d8ebe5,pausa,0.7219280948873623,0.07299874053119418,0.9270012594688058,0,4,1,pausa,tfidf_lexical+svd_dense_local+pgvector_sql→rrf→rerank
